Doc/Sent/Tok ID,Token,Annotation Target,ADJ Scene,ADJ Function,ADJ Notes,Aryaman Scene,Aryaman Function,Aryaman Notes,Sasha Scene,Sasha Function,Sasha Notes,,,,,,,,,,,,,,lpp_25
# sent_id = lpp_1943.1276,,,,,,,,,,,,,,,,,,,,,,,,,
1,Chapter,,,,,,,,,,,,,,,,,,,,,,,,
2,25,,,,,,,,,,,,,,,,,,,,,,,,
3,.,,,,,,,,,,,,,,,,,,,,,,,,
,,,,,,,,,,,,,,,,,,,,,,,,,
# sent_id = lpp_1943.1277,,,,,,,,,,,,,,,,,,,,,,,,,
1,"""",,,,,,,,,,,,,,,,,,,,,,,,
2,Men,,,,,,,,,,,,,,,,,,,,,,,,
3,",",,,,,,,,,,,,,,,,,,,,,,,,
4,"""",,,,,,,,,,,,,,,,,,,,,,,,
5,said,,,,,,,,,,,,,,,,,,,,,,,,
6,the,,,,,,,,,,,,,,,,,,,,,,,,
7,little,,,,,,,,,,,,,,,,,,,,,,,,
8,prince,,,,,,,,,,,,,,,,,,,,,,,,
9,",",,,,,,,,,,,,,,,,,,,,,,,,
10,"""",,,,,,,,,,,,,,,,,,,,,,,,
11,set,,,,,,,,,,,,,,,,,,,,,,,,
12,out,,Direction,Direction,,Direction,Direction,,,,,,,,,,,,,,,,,,
13,on,*,Circumstance,Locus,,Circumstance,Locus,,,,uH i dont remember rn but i think we've done this before :<,,,,,,,,,,,,,,
14,their,*,`$,`$,,`$,`$,,`$,`$,,,,,,,,,,,,,,,
15,way,,,,,,,,,,,,,,,,,,,,,,,,
16,in,*,Instrument,Locus,,Instrument,Locus,,Locus,Locus,,,,,,,,,,,,,,,
17,express,,,,,,,,,,,,,,,,,,,,,,,,
18,trains,,,,,,,,,,,,,,,,,,,,,,,,
19,",",,,,,,,,,,,,,,,,,,,,,,,,
20,but,,,,,,,,,,,,,,,,,,,,,,,,
21,they,,,,,,,,,,,,,,,,,,,,,,,,
22,do,,,,,,,,,,,,,,,,,,,,,,,,
23,not,,,,,,,,,,,,,,,,,,,,,,,,
24,know,,,,,,,,,,,,,,,,,,,,,,,,
25,what,,,,,,,,,,,,,,,,,,,,,,,,
26,they,,,,,,,,,,,,,,,,,,,,,,,,
27,are,,,,,,,,,,,,,,,,,,,,,,,,
28,looking,,,,,,,,,,,,,,,,,,,,,,,,
29,for,*,Theme,Theme,,Theme,Theme,,Theme,Theme,,,,,,,,,,,,,,,
30,.,,,,,,,,,,,,,,,,,,,,,,,,
,,,,,,,,,,,,,,,,,,,,,,,,,
# sent_id = lpp_1943.1278,,,,,,,,,,,,,,,,,,,,,,,,,
1,Then,,,,,,,,,,,,,,,,,,,,,,,,
2,they,,,,,,,,,,,,,,,,,,,,,,,,
3,rush,,,,,,,,,,,,,,,,,,,,,,,,
4,about,,,,,,,,,,,,,,,,,,,,,,,,
5,",",,,,,,,,,,,,,,,,,,,,,,,,
6,and,,,,,,,,,,,,,,,,,,,,,,,,
7,get,,,,,,,,,,,,,,,,,,,,,,,,
8,excited,,,,,,,,,,,,,,,,,,,,,,,,
9,",",,,,,,,,,,,,,,,,,,,,,,,,
10,and,,,,,,,,,,,,,,,,,,,,,,,,
11,turn,,,,,,,,,,,,,,,,,,,,,,,,
12,round,,,,,,,? target,,,,,,,,,,,,,,,,,
13,and,,,,,,,,,,,,,,,,,,,,,,,,
14,round,,,,,,,,,,,,,,,,,,,,,,,,
15,...,,,,,,,,,,,,,,,,,,,,,,,,
16,"""",,,,,,,,,,,,,,,,,,,,,,,,
,,,,,,,,,,,,,,,,,,,,,,,,,
# sent_id = lpp_1943.1279,,,,,,,,,,,,,,,,,,,,,,,,,
1,And,,,,,,,,,,,,,,,,,,,,,,,,
2,he,,,,,,,,,,,,,,,,,,,,,,,,
3,added,,,,,,,,,,,,,,,,,,,,,,,,
4,:,,,,,,,,,,,,,,,,,,,,,,,,
5,"""",,,,,,,,,,,,,,,,,,,,,,,,
6,It,,,,,,,,,,,,,,,,,,,,,,,,
7,is,,,,,,,,,,,,,,,,,,,,,,,,
8,not,,,,,,,,,,,,,,,,,,,,,,,,
9,worth,,,,,,,,,,,,,,,,,,,,,,,,
10,the,,,,,,,,,,,,,,,,,,,,,,,,
11,trouble,,,,,,,,,,,,,,,,,,,,,,,,
12,...,,,,,,,,,,,,,,,,,,,,,,,,
13,"""",,,,,,,,,,,,,,,,,,,,,,,,
,,,,,,,,,,,,,,,,,,,,,,,,,
# sent_id = lpp_1943.1280,,,,,,,,,,,,,,,,,,,,,,,,,
1,The,,,,,,,,,,,,,,,,,,,,,,,,
2,well,,,,,,,,,,,,,,,,,,,,,,,,
3,that,,,,,,,,,,,,,,,,,,,,,,,,
4,we,,,,,,,,,,,,,,,,,,,,,,,,
5,had,,,,,,,,,,,,,,,,,,,,,,,,
6,come,,,,,,,,,,,,,,,,,,,,,,,,
7,to,,Goal,Goal,,Goal,Goal,,,,,,,,,,,,,,,,,,
8,was,,,,,,,,,,,,,,,,,,,,,,,,
9,not,,,,,,,,,,,,,,,,,,,,,,,,
10,like,*,ComparisonRef,ComparisonRef,,ComparisonRef,ComparisonRef,,ComparisonRef,ComparisonRef,,,,,,,,,,,,,,,
11,the,,,,,,,,,,,,,,,,,,,,,,,,
12,wells,,,,,,,,,,,,,,,,,,,,,,,,
13,of,*,Locus,Gestalt,,Locus,Gestalt,,Whole,Whole,,,,,,,,,,,,,,,
14,the,,,,,,,,,,,,,,,,,,,,,,,,
15,Sahara,,,,,,,,,,,,,,,,,,,,,,,,
16,.,,,,,,,,,,,,,,,,,,,,,,,,
,,,,,,,,,,,,,,,,,,,,,,,,,
# sent_id = lpp_1943.1281,,,,,,,,,,,,,,,,,,,,,,,,,
1,The,,,,,,,,,,,,,,,,,,,,,,,,
2,wells,,,,,,,,,,,,,,,,,,,,,,,,
3,of,*,Locus,Gestalt,,Locus,Gestalt,,Whole,Whole,,,,,,,,,,,,,,,
4,the,,,,,,,,,,,,,,,,,,,,,,,,
5,Sahara,,,,,,,,,,,,,,,,,,,,,,,,
6,are,,,,,,,,,,,,,,,,,,,,,,,,
7,mere,,,,,,,,,,,,,,,,,,,,,,,,
8,holes,,,,,,,,,,,,,,,,,,,,,,,,
9,dug,,,,,,,,,,,,,,,,,,,,,,,,
10,in,*,Goal,Locus,*Q*,Locus,Locus,or is it Goal?,Locus,Locus,,,,,,,,,,,,,,,
11,the,,,,,,,,,,,,,,,,,,,,,,,,
12,sand,,,,,,,,,,,,,,,,,,,,,,,,
13,.,,,,,,,,,,,,,,,,,,,,,,,,
,,,,,,,,,,,,,,,,,,,,,,,,,
# sent_id = lpp_1943.1282,,,,,,,,,,,,,,,,,,,,,,,,,
1,This,,,,,,,,,,,,,,,,,,,,,,,,
2,one,,,,,,,,,,,,,,,,,,,,,,,,
3,was,,,,,,,,,,,,,,,,,,,,,,,,
4,like,*,ComparisonRef,ComparisonRef,,ComparisonRef,ComparisonRef,,ComparisonRef,ComparisonRef,,,,,,,,,,,,,,,
5,a,,,,,,,,,,,,,,,,,,,,,,,,
6,well,,,,,,,,,,,,,,,,,,,,,,,,
7,in,*,Locus,Locus,,Locus,Locus,,Locus,Locus,,,,,,,,,,,,,,,
8,a,,,,,,,,,,,,,,,,,,,,,,,,
9,village,,,,,,,,,,,,,,,,,,,,,,,,
10,.,,,,,,,,,,,,,,,,,,,,,,,,
,,,,,,,,,,,,,,,,,,,,,,,,,
# sent_id = lpp_1943.1283,,,,,,,,,,,,,,,,,,,,,,,,,
1,But,,,,,,,,,,,,,,,,,,,,,,,,
2,there,,,,,,,,,,,,,,,,,,,,,,,,
3,was,,,,,,,,,,,,,,,,,,,,,,,,
4,no,,,,,,,,,,,,,,,,,,,,,,,,
5,village,,,,,,,,,,,,,,,,,,,,,,,,
6,here,,,,,,,,,,,,,,,,,,,,,,,,
7,",",,,,,,,,,,,,,,,,,,,,,,,,
8,and,,,,,,,,,,,,,,,,,,,,,,,,
9,I,,,,,,,,,,,,,,,,,,,,,,,,
10,thought,,,,,,,,,,,,,,,,,,,,,,,,
11,I,,,,,,,,,,,,,,,,,,,,,,,,
12,must,,,,,,,,,,,,,,,,,,,,,,,,
13,be,,,,,,,,,,,,,,,,,,,,,,,,
14,dreaming,,,,,,,,,,,,,,,,,,,,,,,,
15,...,,,,,,,,,,,,,,,,,,,,,,,,
,,,,,,,,,,,,,,,,,,,,,,,,,
# sent_id = lpp_1943.1284,,,,,,,,,,,,,,,,,,,,,,,,,
1,"""",,,,,,,,,,,,,,,,,,,,,,,,
2,It,,,,,,,,,,,,,,,,,,,,,,,,
3,is,,,,,,,,,,,,,,,,,,,,,,,,
4,strange,,,,,,,,,,,,,,,,,,,,,,,,
5,",",,,,,,,,,,,,,,,,,,,,,,,,
6,"""",,,,,,,,,,,,,,,,,,,,,,,,
,,,,,,,,,,,,,,,,,,,,,,,,,
# sent_id = lpp_1943.1285,,,,,,,,,,,,,,,,,,,,,,,,,
1,I,,,,,,,,,,,,,,,,,,,,,,,,
2,said,,,,,,,,,,,,,,,,,,,,,,,,
3,to,*,Recipient,Goal,,Recipient,Goal,,Recipient,Goal,,,,,,,,,,,,,,,
4,the,,,,,,,,,,,,,,,,,,,,,,,,
5,little,,,,,,,,,,,,,,,,,,,,,,,,
6,prince,,,,,,,,,,,,,,,,,,,,,,,,
7,.,,,,,,,,,,,,,,,,,,,,,,,,
,,,,,,,,,,,,,,,,,,,,,,,,,
# sent_id = lpp_1943.1286,,,,,,,,,,,,,,,,,,,,,,,,,
1,"""",,,,,,,,,,,,,,,,,,,,,,,,
2,Everything,,,,,,,,,,,,,,,,,,,,,,,,
3,is,,,,,,,,,,,,,,,,,,,,,,,,
4,ready,,,,,,,,,,,,,,,,,,,,,,,,
5,for,*,Theme,Theme,,`i,`i,,Purpose,Purpose,,,,,,,,,,,,,,,
6,use,,,,,,,,,,,,,,,,,,,,,,,,
7,:,,,,,,,,,,,,,,,,,,,,,,,,
8,the,,,,,,,,,,,,,,,,,,,,,,,,
9,pulley,,,,,,,,,,,,,,,,,,,,,,,,
10,",",,,,,,,,,,,,,,,,,,,,,,,,
11,the,,,,,,,,,,,,,,,,,,,,,,,,
12,bucket,,,,,,,,,,,,,,,,,,,,,,,,
13,",",,,,,,,,,,,,,,,,,,,,,,,,
14,the,,,,,,,,,,,,,,,,,,,,,,,,
15,rope,,,,,,,,,,,,,,,,,,,,,,,,
16,...,,,,,,,,,,,,,,,,,,,,,,,,
17,"""",,,,,,,,,,,,,,,,,,,,,,,,
,,,,,,,,,,,,,,,,,,,,,,,,,
# sent_id = lpp_1943.1287,,,,,,,,,,,,,,,,,,,,,,,,,
1,He,,,,,,,,,,,,,,,,,,,,,,,,
2,laughed,,,,,,,,,,,,,,,,,,,,,,,,
3,",",,,,,,,,,,,,,,,,,,,,,,,,
4,touched,,,,,,,,,,,,,,,,,,,,,,,,
5,the,,,,,,,,,,,,,,,,,,,,,,,,
6,rope,,,,,,,,,,,,,,,,,,,,,,,,
7,",",,,,,,,,,,,,,,,,,,,,,,,,
8,and,,,,,,,,,,,,,,,,,,,,,,,,
9,set,,,,,,,,,,,,,,,,,,,,,,,,
10,the,,,,,,,,,,,,,,,,,,,,,,,,
11,pulley,,,,,,,,,,,,,,,,,,,,,,,,
12,to,*,Goal,Goal,,Goal,Locus,end state,Gestalt,Gestalt,ig...,,,,,,,,,,,,,,
13,working,,,,,,,,,,,,,,,,,,,,,,,,
14,.,,,,,,,,,,,,,,,,,,,,,,,,
,,,,,,,,,,,,,,,,,,,,,,,,,
# sent_id = lpp_1943.1288,,,,,,,,,,,,,,,,,,,,,,,,,
1,And,,,,,,,,,,,,,,,,,,,,,,,,
2,the,,,,,,,,,,,,,,,,,,,,,,,,
3,pulley,,,,,,,,,,,,,,,,,,,,,,,,
4,moaned,,,,,,,,,,,,,,,,,,,,,,,,
5,",",,,,,,,,,,,,,,,,,,,,,,,,
6,like,*,Manner,ComparisonRef,,Manner,ComparisonRef,,Manner,ComparisonRef,,,,,,,,,,,,,,,
7,an,,,,,,,,,,,,,,,,,,,,,,,,
8,old,,,,,,,,,,,,,,,,,,,,,,,,
9,weathervane,,,,,,,,,,,,,,,,,,,,,,,,
10,which,,,,,,,,,,,,,,,,,,,,,,,,
11,the,,,,,,,,,,,,,,,,,,,,,,,,
12,wind,,,,,,,,,,,,,,,,,,,,,,,,
13,has,,,,,,,,,,,,,,,,,,,,,,,,
14,long,,,,,,,,,,,,,,,,,,,,,,,,
15,since,*,Time,Interval,,Time,Interval,"same as ""long ago""",,,i-- what IS this ??,,,,,,,,,,,,,,
16,forgotten,,,,,,,,,,,,,,,,,,,,,,,,
17,.,,,,,,,,,,,,,,,,,,,,,,,,
,,,,,,,,,,,,,,,,,,,,,,,,,
# sent_id = lpp_1943.1289,,,,,,,,,,,,,,,,,,,,,,,,,
1,"""",,,,,,,,,,,,,,,,,,,,,,,,
2,Do,,,,,,,,,,,,,,,,,,,,,,,,
3,you,,,,,,,,,,,,,,,,,,,,,,,,
4,hear,,,,,,,,,,,,,,,,,,,,,,,,
5,?,,,,,,,,,,,,,,,,,,,,,,,,
6,"""",,,,,,,,,,,,,,,,,,,,,,,,
7,said,,,,,,,,,,,,,,,,,,,,,,,,
8,the,,,,,,,,,,,,,,,,,,,,,,,,
9,little,,,,,,,,,,,,,,,,,,,,,,,,
10,prince,,,,,,,,,,,,,,,,,,,,,,,,
11,.,,,,,,,,,,,,,,,,,,,,,,,,
,,,,,,,,,,,,,,,,,,,,,,,,,
# sent_id = lpp_1943.1290,,,,,,,,,,,,,,,,,,,,,,,,,
1,"""",,,,,,,,,,,,,,,,,,,,,,,,
2,We,,,,,,,,,,,,,,,,,,,,,,,,
3,have,,,,,,,,,,,,,,,,,,,,,,,,
4,wakened,,,,,,,,,,,,,,,,,,,,,,,,
5,the,,,,,,,,,,,,,,,,,,,,,,,,
6,well,,,,,,,,,,,,,,,,,,,,,,,,
7,",",,,,,,,,,,,,,,,,,,,,,,,,
8,and,,,,,,,,,,,,,,,,,,,,,,,,
9,it,,,,,,,,,,,,,,,,,,,,,,,,
10,is,,,,,,,,,,,,,,,,,,,,,,,,
11,singing,,,,,,,,,,,,,,,,,,,,,,,,
12,...,,,,,,,,,,,,,,,,,,,,,,,,
13,"""",,,,,,,,,,,,,,,,,,,,,,,,
,,,,,,,,,,,,,,,,,,,,,,,,,
# sent_id = lpp_1943.1291,,,,,,,,,,,,,,,,,,,,,,,,,
1,I,,,,,,,,,,,,,,,,,,,,,,,,
2,did,,,,,,,,,,,,,,,,,,,,,,,,
3,not,,,,,,,,,,,,,,,,,,,,,,,,
4,want,,,,,,,,,,,,,,,,,,,,,,,,
5,him,,,,,,,,,,,,,,,,,,,,,,,,
6,to,,`i,`i,,`i,`i,,,,,,,,,,,,,,,,,,
7,tire,,,,,,,,,,,,,,,,,,,,,,,,
8,himself,,,,,,,,,,,,,,,,,,,,,,,,
9,with,*,,,*Q*,Theme,Theme,or Instrument?,Instrument,Instrument,,,,,,,,,,,,,,,
10,the,,,,,,,,,,,,,,,,,,,,,,,,
11,rope,,,,,,,,,,,,,,,,,,,,,,,,
12,.,,,,,,,,,,,,,,,,,,,,,,,,
,,,,,,,,,,,,,,,,,,,,,,,,,
# sent_id = lpp_1943.1292,,,,,,,,,,,,,,,,,,,,,,,,,
1,"""",,,,,,,,,,,,,,,,,,,,,,,,
2,Leave,,,,,,,,,,,,,,,,,,,,,,,,
3,it,,,,,,,,,,,,,,,,,,,,,,,,
4,to,*,Recipient,Goal,,Recipient,Goal,??,Goal,Goal,,,,,,,,,,,,,,,
5,me,,,,,,,,,,,,,,,,,,,,,,,,
6,",",,,,,,,,,,,,,,,,,,,,,,,,
7,"""",,,,,,,,,,,,,,,,,,,,,,,,
,,,,,,,,,,,,,,,,,,,,,,,,,
# sent_id = lpp_1943.1293,,,,,,,,,,,,,,,,,,,,,,,,,
1,I,,,,,,,,,,,,,,,,,,,,,,,,
2,said,,,,,,,,,,,,,,,,,,,,,,,,
3,.,,,,,,,,,,,,,,,,,,,,,,,,
,,,,,,,,,,,,,,,,,,,,,,,,,
# sent_id = lpp_1943.1294,,,,,,,,,,,,,,,,,,,,,,,,,
1,"""",,,,,,,,,,,,,,,,,,,,,,,,
2,It,,,,,,,,,,,,,,,,,,,,,,,,
3,is,,,,,,,,,,,,,,,,,,,,,,,,
4,too,,,,,,,,,,,,,,,,,,,,,,,,
5,heavy,,,,,,,,,,,,,,,,,,,,,,,,
6,for,*,Experiencer,Beneficiary,,Experiencer,Beneficiary,,Experiencer,Beneficiary,,,,,,,,,,,,,,,
7,you,,,,,,,,,,,,,,,,,,,,,,,,
8,.,,,,,,,,,,,,,,,,,,,,,,,,
9,"""",,,,,,,,,,,,,,,,,,,,,,,,
,,,,,,,,,,,,,,,,,,,,,,,,,
# sent_id = lpp_1943.1295,,,,,,,,,,,,,,,,,,,,,,,,,
1,I,,,,,,,,,,,,,,,,,,,,,,,,
2,hoisted,,,,,,,,,,,,,,,,,,,,,,,,
3,the,,,,,,,,,,,,,,,,,,,,,,,,
4,bucket,,,,,,,,,,,,,,,,,,,,,,,,
5,slowly,,,,,,,,,,,,,,,,,,,,,,,,
6,to,*,Goal,Goal,,Goal,Goal,,Goal,Goal,,,,,,,,,,,,,,,
7,the,,,,,,,,,,,,,,,,,,,,,,,,
8,edge,,,,,,,,,,,,,,,,,,,,,,,,
9,of,*,Whole,Whole,,Whole,Whole,,Whole,Whole,,,,,,,,,,,,,,,
10,the,,,,,,,,,,,,,,,,,,,,,,,,
11,well,,,,,,,,,,,,,,,,,,,,,,,,
12,and,,,,,,,,,,,,,,,,,,,,,,,,
13,set,,,,,,,,,,,,,,,,,,,,,,,,
14,it,,,,,,,,,,,,,,,,,,,,,,,,
15,there,,,,,,,,,,,,,,,,,,,,,,,,
16,-,,,,,,,,,,,,,,,,,,,,,,,,
17,-,,,,,,,,,,,,,,,,,,,,,,,,
18,happy,,,,,,,,,,,,,,,,,,,,,,,,
19,",",,,,,,,,,,,,,,,,,,,,,,,,
20,tired,,,,,,,,,,,,,,,,,,,,,,,,
21,as,*,,,*Q*,Extent,Extent,"I think this is the extent one, try diff adjectives and see",Characteristic,Identity,i... guess ....??,,,,,,,,,,,,,,
22,I,,,,,,,,,,,,,,,,,,,,,,,,
23,was,,,,,,,,,,,,,,,,,,,,,,,,
24,",",,,,,,,,,,,,,,,,,,,,,,,,
25,over,*,Stimulus,Topic,,Stimulus,Path,??,Topic,Topic,happy over my achievement',,,,,,,,,,,,,,
26,my,*,Agent,Gestalt,,Agent,Gestalt,,Agent,Gestalt,,,,,,,,,,,,,,,
27,achievement,,,,,,,,,,,,,,,,,,,,,,,,
28,.,,,,,,,,,,,,,,,,,,,,,,,,
,,,,,,,,,,,,,,,,,,,,,,,,,
# sent_id = lpp_1943.1296,,,,,,,,,,,,,,,,,,,,,,,,,
1,The,,,,,,,,,,,,,,,,,,,,,,,,
2,song,,,,,,,,,,,,,,,,,,,,,,,,
3,of,*,,,*Q* OGI 107 https://github.com/carmls/snacs-guidelines/issues/107,,,OGI: https://github.com/carmls/snacs-guidelines/issues/107,Gestalt,Gestalt,(or originator ig ??),,,,,,,,,,,,,,
4,the,,,,,,,,,,,,,,,,,,,,,,,,
5,pulley,,,,,,,,,,,,,,,,,,,,,,,,
6,was,,,,,,,,,,,,,,,,,,,,,,,,
7,still,,,,,,,,,,,,,,,,,,,,,,,,
8,in,*,Locus,Locus,,Locus,Locus,,Locus,Locus,,,,,,,,,,,,,,,
9,my,*,Whole,Gestalt,,Whole,Gestalt,,Whole,Gestalt,,,,,,,,,,,,,,,
10,ears,,,,,,,,,,,,,,,,,,,,,,,,
11,",",,,,,,,,,,,,,,,,,,,,,,,,
12,and,,,,,,,,,,,,,,,,,,,,,,,,
13,I,,,,,,,,,,,,,,,,,,,,,,,,
14,could,,,,,,,,,,,,,,,,,,,,,,,,
15,see,,,,,,,,,,,,,,,,,,,,,,,,
16,the,,,,,,,,,,,,,,,,,,,,,,,,
17,sunlight,,,,,,,,,,,,,,,,,,,,,,,,
18,shimmer,,,,,,,,,,,,,,,,,,,,,,,,
19,in,*,Locus,Locus,,Locus,Locus,,Locus,Locus,,,,,,,,,,,,,,,
20,the,,,,,,,,,,,,,,,,,,,,,,,,
21,still,,,,,,,,,,,,,,,,,,,,,,,,
22,trembling,,,,,,,,,,,,,,,,,,,,,,,,
23,water,,,,,,,,,,,,,,,,,,,,,,,,
24,.,,,,,,,,,,,,,,,,,,,,,,,,
,,,,,,,,,,,,,,,,,,,,,,,,,
# sent_id = lpp_1943.1297,,,,,,,,,,,,,,,,,,,,,,,,,
1,"""",,,,,,,,,,,,,,,,,,,,,,,,
2,I,,,,,,,,,,,,,,,,,,,,,,,,
3,am,,,,,,,,,,,,,,,,,,,,,,,,
4,thirsty,,,,,,,,,,,,,,,,,,,,,,,,
5,for,*,Stimulus,Topic,,Stimulus,Beneficiary,what a weird way to say it,Topic,Topic,"uH this isn't it but means ""im thirsty in regards to THIS water"" ???",,,,,,,,,,,,,,
6,this,,,,,,,,,,,,,,,,,,,,,,,,
7,water,,,,,,,,,,,,,,,,,,,,,,,,
8,",",,,,,,,,,,,,,,,,,,,,,,,,
9,"""",,,,,,,,,,,,,,,,,,,,,,,,
10,said,,,,,,,,,,,,,,,,,,,,,,,,
11,the,,,,,,,,,,,,,,,,,,,,,,,,
12,little,,,,,,,,,,,,,,,,,,,,,,,,
13,prince,,,,,,,,,,,,,,,,,,,,,,,,
14,.,,,,,,,,,,,,,,,,,,,,,,,,
,,,,,,,,,,,,,,,,,,,,,,,,,
# sent_id = lpp_1943.1298,,,,,,,,,,,,,,,,,,,,,,,,,
1,"""",,,,,,,,,,,,,,,,,,,,,,,,
2,Give,,,,,,,,,,,,,,,,,,,,,,,,
3,me,,,,,,,,,,,,,,,,,,,,,,,,
4,some,,,,,,,,,,,,,,,,,,,,,,,,
5,of,*,QuantityItem,Whole,,QuantityItem,Whole,,QuantityItem,QuantityItem,,,,,,,,,,,,,,,
6,it,,,,,,,,,,,,,,,,,,,,,,,,
7,to,*,Purpose,Purpose,,Purpose,Purpose,,Purpose,Purpose,,,,,,,,,,,,,,,
8,drink,,,,,,,,,,,,,,,,,,,,,,,,
9,...,,,,,,,,,,,,,,,,,,,,,,,,
10,"""",,,,,,,,,,,,,,,,,,,,,,,,
,,,,,,,,,,,,,,,,,,,,,,,,,
# sent_id = lpp_1943.1299,,,,,,,,,,,,,,,,,,,,,,,,,
1,And,,,,,,,,,,,,,,,,,,,,,,,,
2,I,,,,,,,,,,,,,,,,,,,,,,,,
3,understood,,,,,,,,,,,,,,,,,,,,,,,,
4,what,,,,,,,,,,,,,,,,,,,,,,,,
5,he,,,,,,,,,,,,,,,,,,,,,,,,
6,had,,,,,,,,,,,,,,,,,,,,,,,,
7,been,,,,,,,,,,,,,,,,,,,,,,,,
8,looking,,,,,,,,,,,,,,,,,,,,,,,,
9,for,*,Theme,Theme,,Theme,Theme,,Theme,Theme,,,,,,,,,,,,,,,
10,.,,,,,,,,,,,,,,,,,,,,,,,,
,,,,,,,,,,,,,,,,,,,,,,,,,
# sent_id = lpp_1943.1300,,,,,,,,,,,,,,,,,,,,,,,,,
1,I,,,,,,,,,,,,,,,,,,,,,,,,
2,raised,,,,,,,,,,,,,,,,,,,,,,,,
3,the,,,,,,,,,,,,,,,,,,,,,,,,
4,bucket,,,,,,,,,,,,,,,,,,,,,,,,
5,to,*,Goal,Goal,,Goal,Goal,,Goal,Goal,,,,,,,,,,,,,,,
6,his,*,Whole,Gestalt,,Whole,Gestalt,,Whole,Gestalt,,,,,,,,,,,,,,,
7,lips,,,,,,,,,,,,,,,,,,,,,,,,
8,.,,,,,,,,,,,,,,,,,,,,,,,,
,,,,,,,,,,,,,,,,,,,,,,,,,
# sent_id = lpp_1943.1301,,,,,,,,,,,,,,,,,,,,,,,,,
1,He,,,,,,,,,,,,,,,,,,,,,,,,
2,drank,,,,,,,,,,,,,,,,,,,,,,,,
3,",",,,,,,,,,,,,,,,,,,,,,,,,
4,his,*,Whole,Gestalt,,Whole,Gestalt,,Whole,Gestalt,,,,,,,,,,,,,,,
5,eyes,,,,,,,,,,,,,,,,,,,,,,,,
6,closed,,,,,,,,,,,,,,,,,,,,,,,,
7,.,,,,,,,,,,,,,,,,,,,,,,,,
,,,,,,,,,,,,,,,,,,,,,,,,,
# sent_id = lpp_1943.1302,,,,,,,,,,,,,,,,,,,,,,,,,
1,It,,,,,,,,,,,,,,,,,,,,,,,,
2,was,,,,,,,,,,,,,,,,,,,,,,,,
3,as,*,Characteristic,Extent,,Extent,Extent,,ComparisonRef,ComparisonRef,,,,,,,,,,,,,,,
4,sweet,,,,,,,,,,,,,,,,,,,,,,,,
5,as,*,ComparisonRef,ComparisonRef,,ComparisonRef,ComparisonRef,,Extent,Extent,,,,,,,,,,,,,,,
6,some,,,,,,,,,,,,,,,,,,,,,,,,
7,special,,,,,,,,,,,,,,,,,,,,,,,,
8,festival,,,,,,,,,,,,,,,,,,,,,,,,
9,treat,,,,,,,,,,,,,,,,,,,,,,,,
10,.,,,,,,,,,,,,,,,,,,,,,,,,
,,,,,,,,,,,,,,,,,,,,,,,,,
# sent_id = lpp_1943.1303,,,,,,,,,,,,,,,,,,,,,,,,,
1,This,,,,,,,,,,,,,,,,,,,,,,,,
2,water,,,,,,,,,,,,,,,,,,,,,,,,
3,was,,,,,,,,,,,,,,,,,,,,,,,,
4,indeed,,,,,,,,,,,,,,,,,,,,,,,,
5,a,,,,,,,,,,,,,,,,,,,,,,,,
6,different,,,,,,,,,,,,,,,,,,,,,,,,
7,thing,,,,,,,,,,,,,,,,,,,,,,,,
8,from,*,ComparisonRef,Source,,ComparisonRef,Source,,Theme,Theme,,,,,,,,,,,,,,,
9,ordinary,,,,,,,,,,,,,,,,,,,,,,,,
10,nourishment,,,,,,,,,,,,,,,,,,,,,,,,
11,.,,,,,,,,,,,,,,,,,,,,,,,,
,,,,,,,,,,,,,,,,,,,,,,,,,
# sent_id = lpp_1943.1304,,,,,,,,,,,,,,,,,,,,,,,,,
1,Its,*,Gestalt,Gestalt,,Gestalt,Gestalt,,Gestalt,Gestalt,,,,,,,,,,,,,,,
2,sweetness,,,,,,,,,,,,,,,,,,,,,,,,
3,was,,,,,,,,,,,,,,,,,,,,,,,,
4,born,,,,,,,,,,,,,,,,,,,,,,,,
5,of,*,Source,Source,,Source,Source,,Source,Source,,,,,,,,,,,,,,,
6,the,,,,,,,,,,,,,,,,,,,,,,,,
7,walk,,,,,,,,,,,,,,,,,,,,,,,,
8,under,*,Locus,Locus,,Locus,Locus,,Locus,Locus,,,,,,,,,,,,,,,
9,the,,,,,,,,,,,,,,,,,,,,,,,,
10,stars,,,,,,,,,,,,,,,,,,,,,,,,
11,",",,,,,,,,,,,,,,,,,,,,,,,,
12,the,,,,,,,,,,,,,,,,,,,,,,,,
13,song,,,,,,,,,,,,,,,,,,,,,,,,
14,of,*,,,*Q* OGI 107 https://github.com/carmls/snacs-guidelines/issues/107,,,OGI: https://github.com/carmls/snacs-guidelines/issues/107,Originator,Gestalt,(or gestalt gestalt like i said before idk),,,,,,,,,,,,,,
15,the,,,,,,,,,,,,,,,,,,,,,,,,
16,pulley,,,,,,,,,,,,,,,,,,,,,,,,
17,",",,,,,,,,,,,,,,,,,,,,,,,,
18,the,,,,,,,,,,,,,,,,,,,,,,,,
19,effort,,,,,,,"I like how it's all poetic, and then this part comes",,,,,,,,,,,,,,,,,
20,of,*,,,*Q*,Agent,Gestalt,Instrument?,Gestalt,Gestalt,"(or like,, source,, idk ??)",,,,,,,,,,,,,,
21,my,*,Whole,Gestalt,,Whole,Gestalt,,Whole,Gestalt,,,,,,,,,,,,,,,
22,arms,,,,,,,,,,,,,,,,,,,,,,,,
23,.,,,,,,,,,,,,,,,,,,,,,,,,
,,,,,,,,,,,,,,,,,,,,,,,,,
# sent_id = lpp_1943.1305,,,,,,,,,,,,,,,,,,,,,,,,,
1,It,,,,,,,,,,,,,,,,,,,,,,,,
2,was,,,,,,,,,,,,,,,,,,,,,,,,
3,good,,,,,,,,,,,,,,,,,,,,,,,,
4,for,*,Beneficiary,Beneficiary,,Beneficiary,Beneficiary,,Beneficiary,Beneficiary,,,,,,,,,,,,,,,
5,the,,,,,,,,,,,,,,,,,,,,,,,,
6,heart,,,,,,,,,,,,,,,,,,,,,,,,
7,",",,,,,,,,,,,,,,,,,,,,,,,,
8,like,*,ComparisonRef,ComparisonRef,,ComparisonRef,ComparisonRef,,ComparisonRef,ComparisonRef,,,,,,,,,,,,,,,
9,a,,,,,,,,,,,,,,,,,,,,,,,,
10,present,,,,,,,,,,,,,,,,,,,,,,,,
11,.,,,,,,,,,,,,,,,,,,,,,,,,
,,,,,,,,,,,,,,,,,,,,,,,,,
# sent_id = lpp_1943.1306,,,,,,,,,,,,,,,,,,,,,,,,,
1,When,,,,,,,,,,,,,,,,,,,,,,,,
2,I,,,,,,,,,,,,,,,,,,,,,,,,
3,was,,,,,,,,,,,,,,,,,,,,,,,,
4,a,,,,,,,,,,,,,,,,,,,,,,,,
5,little,,,,,,,,,,,,,,,,,,,,,,,,
6,boy,,,,,,,,,,,,,,,,,,,,,,,,
7,",",,,,,,,,,,,,,,,,,,,,,,,,
8,the,,,,,,,,,,,,,,,,,,,,,,,,
9,lights,,,,,,,,,,,,,,,,,,,,,,,,
10,of,*,Whole,Whole,,Whole,Whole,,Whole,Whole,,,,,,,,,,,,,,,
11,the,,,,,,,,,,,,,,,,,,,,,,,,
12,Christmas,,,,,,,,,,,,,,,,,,,,,,,,
13,tree,,,,,,,,,,,,,,,,,,,,,,,,
14,",",,,,,,,,,,,,,,,,,,,,,,,,
15,the,,,,,,,,,,,,,,,,,,,,,,,,
16,music,,,,,,,,,,,,,,,,,,,,,,,,
17,of,*,Circumstance,Circumstance,,Circumstance,Circumstance,OGI: https://github.com/carmls/snacs-guidelines/issues/107,Gestalt,Gestalt,,,,,,,,,,,,,,,
18,the,,,,,,,,,,,,,,,,,,,,,,,,
19,Midnight,,,,,,,,,,,,,,,,,,,,,,,,
20,Mass,,,,,,,,,,,,,,,,,,,,,,,,
21,",",,,,,,,,,,,,,,,,,,,,,,,,
22,the,,,,,,,,,,,,,,,,,,,,,,,,
23,tenderness,,,,,,,,,,,,,,,,,,,,,,,,
24,of,*,Gestalt,Gestalt,,Gestalt,Gestalt,,Gestalt,Gestalt,,,,,,,,,,,,,,,
25,smiling,,,,,,,,,,,,,,,,,,,,,,,,
26,faces,,,,,,,,,,,,,,,,,,,,,,,,
27,",",,,,,,,,,,,,,,,,,,,,,,,,
28,used,,,,,,,,,,,,,,,,,,,,,,,,
29,to,,`i,`i,,`i,`i,,,,,,,,,,,,,,,,,,
30,make,,,,,,,,,,,,,,,,,,,,,,,,
31,up,,,,,,,,,,,,,,,,,,,,,,,,
32,",",,,,,,,,,,,,,,,,,,,,,,,,
33,so,,,,,,,,,,,,,,,,,,,,,,,,
34,",",,,,,,,,,,,,,,,,,,,,,,,,
35,the,,,,,,,,,,,,,,,,,,,,,,,,
36,radiance,,,,,,,,,,,,,,,,,,,,,,,,
37,of,*,Gestalt,Gestalt,,Gestalt,Gestalt,,Gestalt,Gestalt,(or source ??),,,,,,,,,,,,,,
38,the,,,,,,,,,,,,,,,,,,,,,,,,
39,gifts,,,,,,,,,,,,,,,,,,,,,,,,
40,I,,,,,,,,,,,,,,,,,,,,,,,,
41,received,,,,,,,,,,,,,,,,,,,,,,,,
42,.,,,,,,,,,,,,,,,,,,,,,,,,
,,,,,,,,,,,,,,,,,,,,,,,,,
# sent_id = lpp_1943.1307,,,,,,,,,,,,,,,,,,,,,,,,,
1,"""",,,,,,,,,,,,,,,,,,,,,,,,
2,The,,,,,,,,,,,,,,,,,,,,,,,,
3,men,,,,,,,,,,,,,,,,,,,,,,,,
4,where,,,,,,,,,,,,,,,,,,,,,,,,
5,you,,,,,,,,,,,,,,,,,,,,,,,,
6,live,,,,,,,,,,,,,,,,,,,,,,,,
7,",",,,,,,,,,,,,,,,,,,,,,,,,
8,"""",,,,,,,,,,,,,,,,,,,,,,,,
9,said,,,,,,,,,,,,,,,,,,,,,,,,
10,the,,,,,,,,,,,,,,,,,,,,,,,,
11,little,,,,,,,,,,,,,,,,,,,,,,,,
12,prince,,,,,,,,,,,,,,,,,,,,,,,,
13,",",,,,,,,,,,,,,,,,,,,,,,,,
14,"""",,,,,,,,,,,,,,,,,,,,,,,,
15,raise,,,,,,,,,,,,,,,,,,,,,,,,
16,five,,,,,,,,,,,,,,,,,,,,,,,,
17,thousand,,,,,,,,,,,,,,,,,,,,,,,,
18,roses,,,,,,,,,,,,,,,,,,,,,,,,
19,in,*,Locus,Locus,,Locus,Locus,,Locus,Locus,,,,,,,,,,,,,,,
20,the,,,,,,,,,,,,,,,,,,,,,,,,
21,same,,,,,,,,,,,,,,,,,,,,,,,,
22,garden,,,,,,,,,,,,,,,,,,,,,,,,
23,-,,,,,,,,,,,,,,,,,,,,,,,,
24,-,,,,,,,,,,,,,,,,,,,,,,,,
25,and,,,,,,,,,,,,,,,,,,,,,,,,
26,they,,,,,,,,,,,,,,,,,,,,,,,,
27,do,,,,,,,,,,,,,,,,,,,,,,,,
28,not,,,,,,,,,,,,,,,,,,,,,,,,
29,find,,,,,,,,,,,,,,,,,,,,,,,,
30,in,*,Locus,Locus,,Locus,Locus,,Locus,Locus,,,,,,,,,,,,,,,
31,it,,,,,,,,,,,,,,,,,,,,,,,,
32,what,,,,,,,,,,,,,,,,,,,,,,,,
33,they,,,,,,,,,,,,,,,,,,,,,,,,
34,are,,,,,,,,,,,,,,,,,,,,,,,,
35,looking,,,,,,,,,,,,,,,,,,,,,,,,
36,for,*,Theme,Theme,,Theme,Theme,,Theme,Theme,,,,,,,,,,,,,,,
37,.,,,,,,,,,,,,,,,,,,,,,,,,
38,"""",,,,,,,,,,,,,,,,,,,,,,,,
,,,,,,,,,,,,,,,,,,,,,,,,,
# sent_id = lpp_1943.1308,,,,,,,,,,,,,,,,,,,,,,,,,
1,"""",,,,,,,,,,,,,,,,,,,,,,,,
2,They,,,,,,,,,,,,,,,,,,,,,,,,
3,do,,,,,,,,,,,,,,,,,,,,,,,,
4,not,,,,,,,,,,,,,,,,,,,,,,,,
5,find,,,,,,,,,,,,,,,,,,,,,,,,
6,it,,,,,,,,,,,,,,,,,,,,,,,,
7,",",,,,,,,,,,,,,,,,,,,,,,,,
8,"""",,,,,,,,,,,,,,,,,,,,,,,,
,,,,,,,,,,,,,,,,,,,,,,,,,
# sent_id = lpp_1943.1309,,,,,,,,,,,,,,,,,,,,,,,,,
1,I,,,,,,,,,,,,,,,,,,,,,,,,
2,replied,,,,,,,,,,,,,,,,,,,,,,,,
3,.,,,,,,,,,,,,,,,,,,,,,,,,
,,,,,,,,,,,,,,,,,,,,,,,,,
# sent_id = lpp_1943.1310,,,,,,,,,,,,,,,,,,,,,,,,,
1,"""",,,,,,,,,,,,,,,,,,,,,,,,
2,And,,,,,,,,,,,,,,,,,,,,,,,,
3,yet,,,,,,,,,,,,,,,,,,,,,,,,
4,what,,,,,,,,,,,,,,,,,,,,,,,,
5,they,,,,,,,,,,,,,,,,,,,,,,,,
6,are,,,,,,,,,,,,,,,,,,,,,,,,
7,looking,,,,,,,,,,,,,,,,,,,,,,,,
8,for,*,Theme,Theme,,Theme,Theme,,Theme,Theme,,,,,,,,,,,,,,,
9,could,,,,,,,,,,,,,,,,,,,,,,,,
10,be,,,,,,,,,,,,,,,,,,,,,,,,
11,found,,,,,,,,,,,,,,,,,,,,,,,,
12,in,*,Locus,Locus,,Locus,Locus,??,Locus,Locus,,,,,,,,,,,,,,,
13,one,,,,,,,,,,,,,,,,,,,,,,,,
14,single,,,,,,,,,,,,,,,,,,,,,,,,
15,rose,,,,,,,,,,,,,,,,,,,,,,,,
16,",",,,,,,,,,,,,,,,,,,,,,,,,
17,or,,,,,,,,,,,,,,,,,,,,,,,,
18,in,*,Locus,Locus,,Locus,Locus,,Locus,Locus,,,,,,,,,,,,,,,
19,a,,,,,,,,,,,,,,,,,,,,,,,,
20,little,,,,,,,,,,,,,,,,,,,,,,,,
21,water,,,,,,,,,,,,,,,,,,,,,,,,
22,.,,,,,,,,,,,,,,,,,,,,,,,,
23,"""",,,,,,,,,,,,,,,,,,,,,,,,
,,,,,,,,,,,,,,,,,,,,,,,,,
# sent_id = lpp_1943.1311,,,,,,,,,,,,,,,,,,,,,,,,,
1,"""",,,,,,,,,,,,,,,,,,,,,,,,
2,Yes,,,,,,,,,,,,,,,,,,,,,,,,
3,",",,,,,,,,,,,,,,,,,,,,,,,,
4,that,,,,,,,,,,,,,,,,,,,,,,,,
5,is,,,,,,,,,,,,,,,,,,,,,,,,
6,true,,,,,,,,,,,,,,,,,,,,,,,,
7,",",,,,,,,,,,,,,,,,,,,,,,,,
8,"""",,,,,,,,,,,,,,,,,,,,,,,,
,,,,,,,,,,,,,,,,,,,,,,,,,
# sent_id = lpp_1943.1312,,,,,,,,,,,,,,,,,,,,,,,,,
1,I,,,,,,,,,,,,,,,,,,,,,,,,
2,said,,,,,,,,,,,,,,,,,,,,,,,,
3,.,,,,,,,,,,,,,,,,,,,,,,,,
,,,,,,,,,,,,,,,,,,,,,,,,,
# sent_id = lpp_1943.1313,,,,,,,,,,,,,,,,,,,,,,,,,
1,And,,,,,,,,,,,,,,,,,,,,,,,,
2,the,,,,,,,,,,,,,,,,,,,,,,,,
3,little,,,,,,,,,,,,,,,,,,,,,,,,
4,prince,,,,,,,,,,,,,,,,,,,,,,,,
5,added,,,,,,,,,,,,,,,,,,,,,,,,
6,:,,,,,,,,,,,,,,,,,,,,,,,,
7,"""",,,,,,,,,,,,,,,,,,,,,,,,
8,But,,,,,,,,,,,,,,,,,,,,,,,,
9,the,,,,,,,,,,,,,,,,,,,,,,,,
10,eyes,,,,,,,,,,,,,,,,,,,,,,,,
11,are,,,,,,,,,,,,,,,,,,,,,,,,
12,blind,,,,,,,,,,,,,,,,,,,,,,,,
13,.,,,,,,,,,,,,,,,,,,,,,,,,
,,,,,,,,,,,,,,,,,,,,,,,,,
# sent_id = lpp_1943.1314,,,,,,,,,,,,,,,,,,,,,,,,,
1,One,,,,,,,,,,,,,,,,,,,,,,,,
2,must,,,,,,,,,,,,,,,,,,,,,,,,
3,look,,,,,,,,,,,,,,,,,,,,,,,,
4,with,*,Instrument,Instrument,,Instrument,Instrument,,Instrument,Instrument,,,,,,,,,,,,,,,
5,the,,,,,,,,,,,,,,,,,,,,,,,,
6,heart,,,,,,,,,,,,,,,,,,,,,,,,
7,...,,,,,,,,,,,,,,,,,,,,,,,,
8,"""",,,,,,,,,,,,,,,,,,,,,,,,
,,,,,,,,,,,,,,,,,,,,,,,,,
# sent_id = lpp_1943.1315,,,,,,,,,,,,,,,,,,,,,,,,,
1,I,,,,,,,,,,,,,,,,,,,,,,,,
2,had,,,,,,,,,,,,,,,,,,,,,,,,
3,drunk,,,,,,,,,,,,,,,,,,,,,,,,
4,the,,,,,,,,,,,,,,,,,,,,,,,,
5,water,,,,,,,,,,,,,,,,,,,,,,,,
6,.,,,,,,,,,,,,,,,,,,,,,,,,
,,,,,,,,,,,,,,,,,,,,,,,,,
# sent_id = lpp_1943.1316,,,,,,,,,,,,,,,,,,,,,,,,,
1,I,,,,,,,,,,,,,,,,,,,,,,,,
2,breathed,,,,,,,,,,,,,,,,,,,,,,,,
3,easily,,,,,,,,,,,,,,,,,,,,,,,,
4,.,,,,,,,,,,,,,,,,,,,,,,,,
,,,,,,,,,,,,,,,,,,,,,,,,,
# sent_id = lpp_1943.1317,,,,,,,,,,,,,,,,,,,,,,,,,
1,At,*,Time,Time,,Time,Time,,Time,Time,,,,,,,,,,,,,,,
2,sunrise,,,,,,,,,,,,,,,,,,,,,,,,
3,the,,,,,,,,,,,,,,,,,,,,,,,,
4,sand,,,,,,,,,,,,,,,,,,,,,,,,
5,is,,,,,,,,,,,,,,,,,,,,,,,,
6,the,,,,,,,,,,,,,,,,,,,,,,,,
7,color,,,,,,,,,,,,,,,,,,,,,,,,
8,of,*,Gestalt,Gestalt,,Gestalt,Gestalt,,Gestalt,Gestalt,,,,,,,,,,,,,,,
9,honey,,,,,,,,,,,,,,,,,,,,,,,,
10,.,,,,,,,,,,,,,,,,,,,,,,,,
,,,,,,,,,,,,,,,,,,,,,,,,,
# sent_id = lpp_1943.1318,,,,,,,,,,,,,,,,,,,,,,,,,
1,And,,,,,,,,,,,,,,,,,,,,,,,,
2,that,,,,,,,,,,,,,,,,,,,,,,,,
3,honey,,,,,,,,,,,,,,,,,,,,,,,,
4,color,,,,,,,,,,,,,,,,,,,,,,,,
5,was,,,,,,,,,,,,,,,,,,,,,,,,
6,making,,,,,,,,,,,,,,,,,,,,,,,,
7,me,,,,,,,,,,,,,,,,,,,,,,,,
8,happy,,,,,,,,,,,,,,,,,,,,,,,,
9,",",,,,,,,,,,,,,,,,,,,,,,,,
10,too,,,,,,,,,,,,,,,,,,,,,,,,
11,.,,,,,,,,,,,,,,,,,,,,,,,,
,,,,,,,,,,,,,,,,,,,,,,,,,
# sent_id = lpp_1943.1319,,,,,,,,,,,,,,,,,,,,,,,,,
1,What,,,,,,,,,,,,,,,,,,,,,,,,
2,brought,,,,,,,,,,,,,,,,,,,,,,,,
3,me,,,,,,,,,,,,,,,,,,,,,,,,
4,",",,,,,,,,,,,,,,,,,,,,,,,,
5,then,,,,,,,,,,,,,,,,,,,,,,,,
6,",",,,,,,,,,,,,,,,,,,,,,,,,
7,this,,,,,,,,,,,,,,,,,,,,,,,,
8,sense,,,,,,,,,,,,,,,,,,,,,,,,
9,of,*,Identity,Identity,,Topic,Topic,?,Identity,Identity,,,,,,,,,,,,,,,
10,grief,,,,,,,,,,,,,,,,,,,,,,,,
11,?,,,,,,,,,,,,,,,,,,,,,,,,
,,,,,,,,,,,,,,,,,,,,,,,,,
# sent_id = lpp_1943.1320,,,,,,,,,,,,,,,,,,,,,,,,,
1,"""",,,,,,,,,,,,,,,,,,,,,,,,
2,You,,,,,,,,,,,,,,,,,,,,,,,,
3,must,,,,,,,,,,,,,,,,,,,,,,,,
4,keep,,,,,,,,,,,,,,,,,,,,,,,,
5,your,*,,,*Q*,Originator,Gestalt,"VerbNet: promise {Agent->Recipient}, FrameNet: commitment {Speaker->Addressee}",Agent,Gestalt,,,,,,,,,,,,,,,
6,promise,,,,,,,,,,,,,,,,,,,,,,,,
7,",",,,,,,,,,,,,,,,,,,,,,,,,
8,"""",,,,,,,,,,,,,,,,,,,,,,,,
9,said,,,,,,,,,,,,,,,,,,,,,,,,
10,the,,,,,,,,,,,,,,,,,,,,,,,,
11,little,,,,,,,,,,,,,,,,,,,,,,,,
12,prince,,,,,,,,,,,,,,,,,,,,,,,,
13,",",,,,,,,,,,,,,,,,,,,,,,,,
14,softly,,,,,,,,,,,,,,,,,,,,,,,,
15,",",,,,,,,,,,,,,,,,,,,,,,,,
16,as,*,Circumstance,Circumstance,,Circumstance,Circumstance,,Circumstance,Circumstance,,,,,,,,,,,,,,,
17,he,,,,,,,,,,,,,,,,,,,,,,,,
18,sat,,,,,,,,,,,,,,,,,,,,,,,,
19,down,,,,,,,,,,,,,,,,,,,,,,,,
20,beside,*,Locus,Locus,,Locus,Locus,,Locus,Locus,,,,,,,,,,,,,,,
21,me,,,,,,,,,,,,,,,,,,,,,,,,
22,once,,,,,,,,,,,,,,,,,,,,,,,,
23,more,,,,,,,,,,,,,,,,,,,,,,,,
24,.,,,,,,,,,,,,,,,,,,,,,,,,
,,,,,,,,,,,,,,,,,,,,,,,,,
# sent_id = lpp_1943.1321,,,,,,,,,,,,,,,,,,,,,,,,,
1,"""",,,,,,,,,,,,,,,,,,,,,,,,
2,What,,,,,,,,,,,,,,,,,,,,,,,,
3,promise,,,,,,,,,,,,,,,,,,,,,,,,
4,?,,,,,,,,,,,,,,,,,,,,,,,,
5,"""",,,,,,,,,,,,,,,,,,,,,,,,
,,,,,,,,,,,,,,,,,,,,,,,,,
# sent_id = lpp_1943.1322,,,,,,,,,,,,,,,,,,,,,,,,,
1,"""",,,,,,,,,,,,,,,,,,,,,,,,
2,You,,,,,,,,,,,,,,,,,,,,,,,,
3,know,,,,,,,,,,,,,,,,,,,,,,,,
4,-,,,,,,,,,,,,,,,,,,,,,,,,
5,-,,,,,,,,,,,,,,,,,,,,,,,,
6,a,,,,,,,,,,,,,,,,,,,,,,,,
7,muzzle,,,,,,,,,,,,,,,,,,,,,,,,
8,for,*,Beneficiary,Beneficiary,,Beneficiary,Beneficiary,,Beneficiary,Beneficiary,,,,,,,,,,,,,,,
9,my,*,Possessor,Possessor,,Possessor,Possessor,,Possession,Possession,,,,,,,,,,,,,,,
10,sheep,,,,,,,,,,,,,,,,,,,,,,,,
11,...,,,,,,,,,,,,,,,,,,,,,,,,
,,,,,,,,,,,,,,,,,,,,,,,,,
# sent_id = lpp_1943.1323,,,,,,,,,,,,,,,,,,,,,,,,,
1,I,,,,,,,,,,,,,,,,,,,,,,,,
2,am,,,,,,,,,,,,,,,,,,,,,,,,
3,responsible,,,,,,,,,,,,,,,,,,,,,,,,
4,for,*,Theme,Theme,,Theme,Theme,force dynamics? is everything force dynamics?,Theme,Theme,,,,,,,,,,,,,,,
5,this,,,,,,,,,,,,,,,,,,,,,,,,
6,flower,,,,,,,,,,,,,,,,,,,,,,,,
7,...,,,,,,,,,,,,,,,,,,,,,,,,
8,"""",,,,,,,,,,,,,,,,,,,,,,,,
,,,,,,,,,,,,,,,,,,,,,,,,,
# sent_id = lpp_1943.1324,,,,,,,,,,,,,,,,,,,,,,,,,
1,I,,,,,,,,,,,,,,,,,,,,,,,,
2,took,,,,,,,,,,,,,,,,,,,,,,,,
3,my,*,Originator,Gestalt,,Originator,Gestalt,,Originator,Gestalt,,,,,,,,,,,,,,,
4,rough,,,,,,,,,,,,,,,,,,,,,,,,
5,drafts,,,,,,,,,,,,,,,,,,,,,,,,
6,of,*,Gestalt,Gestalt,*Q*,Identity,Identity,"""copy of the key"" [214] is Theme, but that's different I think",,,uH,,,,,,,,,,,,,,
7,drawings,,,,,,,,,,,,,,,,,,,,,,,,
8,out,1:1**,Source,Source,,Source,Source,,Source,Source,,,,,,,,,,,,,,,
9,of,1:2,,,,,,,,,,,,,,,,,,,,,,,
10,my,*,Possessor,Possessor,,Possessor,Possessor,,Possession,Possession,,,,,,,,,,,,,,,
11,pocket,,,,,,,,,,,,,,,,,,,,,,,,
12,.,,,,,,,,,,,,,,,,,,,,,,,,
,,,,,,,,,,,,,,,,,,,,,,,,,
# sent_id = lpp_1943.1325,,,,,,,,,,,,,,,,,,,,,,,,,
1,The,,,,,,,,,,,,,,,,,,,,,,,,
2,little,,,,,,,,,,,,,,,,,,,,,,,,
3,prince,,,,,,,,,,,,,,,,,,,,,,,,
4,looked,,,,,,,,,,,,,,,,,,,,,,,,
5,them,,,,,,,,,,,,,,,,,,,,,,,,
6,over,,,,,,,??,,,,,,,,,,,,,,,,,
7,",",,,,,,,,,,,,,,,,,,,,,,,,
8,and,,,,,,,,,,,,,,,,,,,,,,,,
9,laughed,,,,,,,,,,,,,,,,,,,,,,,,
10,as,*,Circumstance,Circumstance,,Circumstance,Circumstance,,Circumstance,Circumstance,,,,,,,,,,,,,,,
11,he,,,,,,,,,,,,,,,,,,,,,,,,
12,said,,,,,,,,,,,,,,,,,,,,,,,,
13,:,,,,,,,,,,,,,,,,,,,,,,,,
14,"""",,,,,,,,,,,,,,,,,,,,,,,,
15,Your,*,Originator,Gestalt,,Originator,Gestalt,,Originator,Possession,,,,,,,,,,,,,,,
16,baobabs,,,,,,,,,,,,,,,,,,,,,,,,
17,-,,,,,,,,,,,,,,,,,,,,,,,,
18,-,,,,,,,,,,,,,,,,,,,,,,,,
19,they,,,,,,,,,,,,,,,,,,,,,,,,
20,look,,,,,,,,,,,,,,,,,,,,,,,,
21,a,,,,,,,,,,,,,,,,,,,,,,,,
22,little,,,,,,,,,,,,,,,,,,,,,,,,
23,like,*,Manner,ComparisonRef,,Manner,ComparisonRef,,Manner,ComparisonRef,,,,,,,,,,,,,,,
24,cabbages,,,,,,,,,,,,,,,,,,,,,,,,
25,.,,,,,,,,,,,,,,,,,,,,,,,,
26,"""",,,,,,,,,,,,,,,,,,,,,,,,
,,,,,,,,,,,,,,,,,,,,,,,,,
# sent_id = lpp_1943.1326,,,,,,,,,,,,,,,,,,,,,,,,,
1,"""",,,,,,,,,,,,,,,,,,,,,,,,
2,Oh,,,,,,,,,,,,,,,,,,,,,,,,
3,!,,,,,,,,,,,,,,,,,,,,,,,,
4,"""",,,,,,,,,,,,,,,,,,,,,,,,
,,,,,,,,,,,,,,,,,,,,,,,,,
# sent_id = lpp_1943.1327,,,,,,,,,,,,,,,,,,,,,,,,,
1,I,,,,,,,,,,,,,,,,,,,,,,,,
2,had,,,,,,,,,,,,,,,,,,,,,,,,
3,been,,,,,,,,,,,,,,,,,,,,,,,,
4,so,,,,,,,,,,,,,,,,,,,,,,,,
5,proud,,,,,,,,,,,,,,,,,,,,,,,,
6,of,*,Stimulus,Topic,,Stimulus,Topic,,Stimulus,Topic,,,,,,,,,,,,,,,
7,my,*,Originator,Gestalt,,Originator,Gestalt,,Originator,Gestalt,"(i gUESS?? theres a lot of these so whatever we decide, continue it on)",,,,,,,,,,,,,,
8,baobabs,,,,,,,,,,,,,,,,,,,,,,,,
9,!,,,,,,,,,,,,,,,,,,,,,,,,
,,,,,,,,,,,,,,,,,,,,,,,,,
# sent_id = lpp_1943.1328,,,,,,,,,,,,,,,,,,,,,,,,,
1,"""",,,,,,,,,,,,,,,,,,,,,,,,
2,Your,*,Originator,Gestalt,,Originator,Gestalt,,Originator,Gestalt,,,,,,,,,,,,,,,
3,fox,,,,,,,,,,,,,,,,,,,,,,,,
4,-,,,,,,,,,,,,,,,,,,,,,,,,
5,-,,,,,,,,,,,,,,,,,,,,,,,,
6,his,*,Whole,Gestalt,,Whole,Gestalt,,Whole,Gestalt,,,,,,,,,,,,,,,
7,ears,,,,,,,,,,,,,,,,,,,,,,,,
8,look,,,,,,,,,,,,,,,,,,,,,,,,
9,a,,,,,,,,,,,,,,,,,,,,,,,,
10,little,,,,,,,,,,,,,,,,,,,,,,,,
11,like,*,Manner,ComparisonRef,,Manner,ComparisonRef,,Manner,ComparisonRef,,,,,,,,,,,,,,,
12,horns,,,,,,,,,,,,,,,,,,,,,,,,
13,;,,,,,,,,,,,,,,,,,,,,,,,,
14,and,,,,,,,,,,,,,,,,,,,,,,,,
15,they,,,,,,,,,,,,,,,,,,,,,,,,
16,are,,,,,,,,,,,,,,,,,,,,,,,,
17,too,,,,,,,,,,,,,,,,,,,,,,,,
18,long,,,,,,,,,,,,,,,,,,,,,,,,
19,.,,,,,,,,,,,,,,,,,,,,,,,,
20,"""",,,,,,,,,,,,,,,,,,,,,,,,
,,,,,,,,,,,,,,,,,,,,,,,,,
# sent_id = lpp_1943.1329,,,,,,,,,,,,,,,,,,,,,,,,,
1,And,,,,,,,,,,,,,,,,,,,,,,,,
2,he,,,,,,,,,,,,,,,,,,,,,,,,
3,laughed,,,,,,,,,,,,,,,,,,,,,,,,
4,again,,,,,,,,,,,,,,,,,,,,,,,,
5,.,,,,,,,,,,,,,,,,,,,,,,,,
,,,,,,,,,,,,,,,,,,,,,,,,,
# sent_id = lpp_1943.1330,,,,,,,,,,,,,,,,,,,,,,,,,
1,"""",,,,,,,,,,,,,,,,,,,,,,,,
2,You,,,,,,,,,,,,,,,,,,,,,,,,
3,are,,,,,,,,,,,,,,,,,,,,,,,,
4,not,,,,,,,,,,,,,,,,,,,,,,,,
5,fair,,,,,,,,,,,,,,,,,,,,,,,,
6,",",,,,,,,,,,,,,,,,,,,,,,,,
7,little,,,,,,,,,,,,,,,,,,,,,,,,
8,prince,,,,,,,,,,,,,,,,,,,,,,,,
9,",",,,,,,,,,,,,,,,,,,,,,,,,
10,"""",,,,,,,,,,,,,,,,,,,,,,,,
,,,,,,,,,,,,,,,,,,,,,,,,,
# sent_id = lpp_1943.1331,,,,,,,,,,,,,,,,,,,,,,,,,
1,I,,,,,,,,,,,,,,,,,,,,,,,,
2,said,,,,,,,,,,,,,,,,,,,,,,,,
3,.,,,,,,,,,,,,,,,,,,,,,,,,
,,,,,,,,,,,,,,,,,,,,,,,,,
# sent_id = lpp_1943.1332,,,,,,,,,,,,,,,,,,,,,,,,,
1,"""",,,,,,,,,,,,,,,,,,,,,,,,
2,I,,,,,,,,,,,,,,,,,,,,,,,,
3,do,,,,,,,,,,,,,,,,,,,,,,,,
4,n't,,,,,,,,,,,,,,,,,,,,,,,,
5,know,,,,,,,,,,,,,,,,,,,,,,,,
6,how,,,,,,,,,,,,,,,,,,,,,,,,
7,to,,`i,`i,,`i,`i,,,,,,,,,,,,,,,,,,
8,draw,,,,,,,,,,,,,,,,,,,,,,,,
9,anything,,,,,,,,,,,,,,,,,,,,,,,,
10,except,*,PartPortion,PartPortion,,PartPortion,PartPortion,,PartPortion,PartPortion,,,,,,,,,,,,,,,
11,boa,,,,,,,,,,,,,,,,,,,,,,,,
12,constrictors,,,,,,,,,,,,,,,,,,,,,,,,
13,from,*,Locus,Source,,Locus,Source,,Locus,Locus,(or source still idk),,,,,,,,,,,,,,
14,the,,,,,,,,,,,,,,,,,,,,,,,,
15,outside,,,,,,,,,,,,,,,,,,,,,,,,
16,and,,,,,,,,,,,,,,,,,,,,,,,,
17,boa,,,,,,,,,,,,,,,,,,,,,,,,
18,constrictors,,,,,,,,,,,,,,,,,,,,,,,,
19,from,*,Locus,Source,,Locus,Source,,Locus,Locus,(or source still idk),,,,,,,,,,,,,,
20,the,,,,,,,,,,,,,,,,,,,,,,,,
21,inside,,,,,,,,,,,,,,,,,,,,,,,,
22,.,,,,,,,,,,,,,,,,,,,,,,,,
23,"""",,,,,,,,,,,,,,,,,,,,,,,,
,,,,,,,,,,,,,,,,,,,,,,,,,
# sent_id = lpp_1943.1333,,,,,,,,,,,,,,,,,,,,,,,,,
1,"""",,,,,,,,,,,,,,,,,,,,,,,,
2,Oh,,,,,,,,,,,,,,,,,,,,,,,,
3,",",,,,,,,,,,,,,,,,,,,,,,,,
4,that,,,,,,,,,,,,,,,,,,,,,,,,
5,will,,,,,,,,,,,,,,,,,,,,,,,,
6,be,,,,,,,,,,,,,,,,,,,,,,,,
7,all,,,,,,,,,,,,,,,,,,,,,,,,
8,right,,,,,,,,,,,,,,,,,,,,,,,,
9,",",,,,,,,,,,,,,,,,,,,,,,,,
10,"""",,,,,,,,,,,,,,,,,,,,,,,,
11,he,,,,,,,,,,,,,,,,,,,,,,,,
12,said,,,,,,,,,,,,,,,,,,,,,,,,
13,",",,,,,,,,,,,,,,,,,,,,,,,,
14,"""",,,,,,,,,,,,,,,,,,,,,,,,
15,children,,,,,,,,,,,,,,,,,,,,,,,,
16,understand,,,,,,,,,,,,,,,,,,,,,,,,
17,.,,,,,,,,,,,,,,,,,,,,,,,,
18,"""",,,,,,,,,,,,,,,,,,,,,,,,
,,,,,,,,,,,,,,,,,,,,,,,,,
# sent_id = lpp_1943.1334,,,,,,,,,,,,,,,,,,,,,,,,,
1,So,,,,,,,,,,,,,,,,,,,,,,,,
2,then,,,,,,,,,,,,,,,,,,,,,,,,
3,I,,,,,,,,,,,,,,,,,,,,,,,,
4,made,,,,,,,,,,,,,,,,,,,,,,,,
5,a,,,,,,,,,,,,,,,,,,,,,,,,
6,pencil,,,,,,,,,,,,,,,,,,,,,,,,
7,sketch,,,,,,,,,,,,,,,,,,,,,,,,
8,of,*,Topic,Topic,,Topic,Topic,,Topic,Gestalt,??? https://github.com/carmls/snacs-guidelines/issues/91,,,,,,,,,,,,,,
9,a,,,,,,,,,,,,,,,,,,,,,,,,
10,muzzle,,,,,,,,,,,,,,,,,,,,,,,,
11,.,,,,,,,,,,,,,,,,,,,,,,,,
,,,,,,,,,,,,,,,,,,,,,,,,,
# sent_id = lpp_1943.1335,,,,,,,,,,,,,,,,,,,,,,,,,
1,And,,,,,,,,,,,,,,,,,,,,,,,,
2,as,*,Circumstance,Circumstance,,Time,Time,or Explanation~Time? since it causes it,Circumstance,Circumstance,,,,,,,,,,,,,,,
3,I,,,,,,,,,,,,,,,,,,,,,,,,
4,gave,,,,,,,,,,,,,,,,,,,,,,,,
5,it,,,,,,,,,,,,,,,,,,,,,,,,
6,to,*,Recipient,Goal,,Recipient,Goal,,Recipient,Goal,,,,,,,,,,,,,,,
7,him,,,,,,,,,,,,,,,,,,,,,,,,
8,my,*,Whole,Gestalt,,Whole,Gestalt,,Whole,Gestalt,,,,,,,,,,,,,,,
9,heart,,,,,,,,,,,,,,,,,,,,,,,,
10,was,,,,,,,,,,,,,,,,,,,,,,,,
11,torn,,,,,,,,,,,,,,,,,,,,,,,,
12,.,,,,,,,,,,,,,,,,,,,,,,,,
,,,,,,,,,,,,,,,,,,,,,,,,,
# sent_id = lpp_1943.1336,,,,,,,,,,,,,,,,,,,,,,,,,
1,"""",,,,,,,,,,,,,,,,,,,,,,,,
2,You,,,,,,,,,,,,,,,,,,,,,,,,
3,have,,,,,,,,,,,,,,,,,,,,,,,,
4,plans,,,,,,,,,,,,,,,,,,,,,,,,
5,that,,,,,,,,,,,,,,,,,,,,,,,,
6,I,,,,,,,,,,,,,,,,,,,,,,,,
7,do,,,,,,,,,,,,,,,,,,,,,,,,
8,not,,,,,,,,,,,,,,,,,,,,,,,,
9,know,,,,,,,,,,,,,,,,,,,,,,,,
10,about,,,,,,,,,,,,,,,,,,,,,,,,
11,",",,,,,,,,,,,,,,,,,,,,,,,,
12,"""",,,,,,,,,,,,,,,,,,,,,,,,
,,,,,,,,,,,,,,,,,,,,,,,,,
# sent_id = lpp_1943.1337,,,,,,,,,,,,,,,,,,,,,,,,,
1,I,,,,,,,,,,,,,,,,,,,,,,,,
2,said,,,,,,,,,,,,,,,,,,,,,,,,
3,.,,,,,,,,,,,,,,,,,,,,,,,,
,,,,,,,,,,,,,,,,,,,,,,,,,
# sent_id = lpp_1943.1338,,,,,,,,,,,,,,,,,,,,,,,,,
1,But,,,,,,,,,,,,,,,,,,,,,,,,
2,he,,,,,,,,,,,,,,,,,,,,,,,,
3,did,,,,,,,,,,,,,,,,,,,,,,,,
4,not,,,,,,,,,,,,,,,,,,,,,,,,
5,answer,,,,,,,,,,,,,,,,,,,,,,,,
6,me,,,,,,,,,,,,,,,,,,,,,,,,
7,.,,,,,,,,,,,,,,,,,,,,,,,,
,,,,,,,,,,,,,,,,,,,,,,,,,
# sent_id = lpp_1943.1339,,,,,,,,,,,,,,,,,,,,,,,,,
1,He,,,,,,,,,,,,,,,,,,,,,,,,
2,said,,,,,,,,,,,,,,,,,,,,,,,,
3,to,*,Recipient,Goal,,Recipient,Goal,,Recipient,Goal,,,,,,,,,,,,,,,
4,me,,,,,,,,,,,,,,,,,,,,,,,,
5,",",,,,,,,,,,,,,,,,,,,,,,,,
6,instead,,,,,,,,,,,,,,,,,,,,,,,,
7,:,,,,,,,,,,,,,,,,,,,,,,,,
8,"""",,,,,,,,,,,,,,,,,,,,,,,,
9,You,,,,,,,,,,,,,,,,,,,,,,,,
10,know,,,,,,,,,,,,,,,,,,,,,,,,
11,-,,,,,,,,,,,,,,,,,,,,,,,,
12,-,,,,,,,,,,,,,,,,,,,,,,,,
13,my,*,Theme,Gestalt,,Theme,Theme,,Agent,Gestalt,,,,,,,,,,,,,,,
14,descent,,,,,,,,,,,,,,,,,,,,,,,,
15,to,*,Goal,Goal,,Goal,Goal,,Goal,Goal,,,,,,,,,,,,,,,
16,the,,,,,,,,,,,,,,,,,,,,,,,,
17,earth,,,,,,,,,,,,,,,,,,,,,,,,
18,...,,,,,,,,,,,,,,,,,,,,,,,,
,,,,,,,,,,,,,,,,,,,,,,,,,
# sent_id = lpp_1943.1340,,,,,,,,,,,,,,,,,,,,,,,,,
1,Tomorrow,,,,,,,,,,,,,,,,,,,,,,,,
2,will,,,,,,,,,,,,,,,,,,,,,,,,
3,be,,,,,,,,,,,,,,,,,,,,,,,,
4,its,*,Gestalt,Gestalt,,`$,`$,uhhhh,Gestalt,Gestalt,,,,,,,,,,,,,,,
5,anniversary,,,,,,,,,,,,,,,,,,,,,,,,
6,.,,,,,,,,,,,,,,,,,,,,,,,,
7,"""",,,,,,,,,,,,,,,,,,,,,,,,
,,,,,,,,,,,,,,,,,,,,,,,,,
# sent_id = lpp_1943.1341,,,,,,,,,,,,,,,,,,,,,,,,,
1,Then,,,,,,,,,,,,,,,,,,,,,,,,
2,",",,,,,,,,,,,,,,,,,,,,,,,,
3,after,*,Time,Time,,Time,Time,,Time,Time,,,,,,,,,,,,,,,
4,a,,,,,,,,,,,,,,,,,,,,,,,,
5,silence,,,,,,,,,,,,,,,,,,,,,,,,
6,",",,,,,,,,,,,,,,,,,,,,,,,,
7,he,,,,,,,,,,,,,,,,,,,,,,,,
8,went,,,,,,,,,,,,,,,,,,,,,,,,
9,on,,,,,,,,,,,,,,,,,,,,,,,,
10,:,,,,,,,,,,,,,,,,,,,,,,,,
11,"""",,,,,,,,,,,,,,,,,,,,,,,,
12,I,,,,,,,,,,,,,,,,,,,,,,,,
13,came,,,,,,,,,,,,,,,,,,,,,,,,
14,down,,Direction,Direction,,,,,,,,,,,,,,,,,,,,,
15,very,,,,,,,,,,,,,,,,,,,,,,,,
16,near,,Locus,Locus,,,,,,,,,,,,,,,,,,,,,
17,here,,,,,,,,,,,,,,,,,,,,,,,,
18,.,,,,,,,,,,,,,,,,,,,,,,,,
19,"""",,,,,,,,,,,,,,,,,,,,,,,,
,,,,,,,,,,,,,,,,,,,,,,,,,
# sent_id = lpp_1943.1342,,,,,,,,,,,,,,,,,,,,,,,,,
1,And,,,,,,,,,,,,,,,,,,,,,,,,
2,he,,,,,,,,,,,,,,,,,,,,,,,,
3,flushed,,,,,,,,,,,,,,,,,,,,,,,,
4,.,,,,,,,,,,,,,,,,,,,,,,,,
,,,,,,,,,,,,,,,,,,,,,,,,,
# sent_id = lpp_1943.1343,,,,,,,,,,,,,,,,,,,,,,,,,
1,And,,,,,,,,,,,,,,,,,,,,,,,,
2,once,,,,,,,,,,,,,,,,,,,,,,,,
3,again,,,,,,,,,,,,,,,,,,,,,,,,
4,",",,,,,,,,,,,,,,,,,,,,,,,,
5,without,*,Circumstance,Circumstance,,Circumstance,Circumstance,I think this contextualizes,Circumstance,Circumstance,(or manner),,,,,,,,,,,,,,
6,understanding,,,,,,,,,,,,,,,,,,,,,,,,
7,why,,,,,,,,,,,,,,,,,,,,,,,,
8,",",,,,,,,,,,,,,,,,,,,,,,,,
9,I,,,,,,,,,,,,,,,,,,,,,,,,
10,had,,,,,,,,,,,,,,,,,,,,,,,,
11,a,,,,,,,,,,,,,,,,,,,,,,,,
12,queer,,,,,,,,,,,,,,,,,,,,,,,,
13,sense,,,,,,,,,,,,,,,,,,,,,,,,
14,of,*,Identity,Identity,,Topic,Topic,,Identity,Identity,(whatever we decide for the previous sense of),,,,,,,,,,,,,,
15,sorrow,,,,,,,,,,,,,,,,,,,,,,,,
16,.,,,,,,,,,,,,,,,,,,,,,,,,
,,,,,,,,,,,,,,,,,,,,,,,,,
# sent_id = lpp_1943.1344,,,,,,,,,,,,,,,,,,,,,,,,,
1,One,,,,,,,,,,,,,,,,,,,,,,,,
2,question,,,,,,,,,,,,,,,,,,,,,,,,
3,",",,,,,,,,,,,,,,,,,,,,,,,,
4,however,,,,,,,,,,,,,,,,,,,,,,,,
5,",",,,,,,,,,,,,,,,,,,,,,,,,
6,occurred,,,,,,,,,,,,,,,,,,,,,,,,
7,to,*,Experiencer,Goal,,Experiencer,Goal,,,,i... what?? **,,,,,,,,,,,,,,
8,me,,,,,,,,,,,,,,,,,,,,,,,,
9,:,,,,,,,,,,,,,,,,,,,,,,,,
10,"""",,,,,,,,,,,,,,,,,,,,,,,,
11,Then,,,,,,,,,,,,,,,,,,,,,,,,
12,it,,,,,,,,,,,,,,,,,,,,,,,,
13,was,,,,,,,,,,,,,,,,,,,,,,,,
14,not,,,,,,,,,,,,,,,,,,,,,,,,
15,by,*,Manner,Manner,,Manner,Manner,?,Manner,Manner,,,,,,,,,,,,,,,
16,chance,,,,,,,,,,,,,,,,,,,,,,,,
17,that,,,,,,,,,,,,,,,,,,,,,,,,
18,on,*,Time,Time,,Time,Time,,Time,Time,,,,,,,,,,,,,,,
19,the,,,,,,,,,,,,,,,,,,,,,,,,
20,morning,,,,,,,,,,,,,,,,,,,,,,,,
21,when,,,,,,,,,,,,,,,,,,,,,,,,
22,I,,,,,,,,,,,,,,,,,,,,,,,,
23,first,,,,,,,,,,,,,,,,,,,,,,,,
24,met,,,,,,,,,,,,,,,,,,,,,,,,
25,you,,,,,,,,,,,,,,,,,,,,,,,,
26,-,,,,,,,,,,,,,,,,,,,,,,,,
27,-,,,,,,,,,,,,,,,,,,,,,,,,
28,a,,,,,,,,,,,,,,,,,,,,,,,,
29,week,,,,,,,,,,,,,,,,,,,,,,,,
30,ago,*,Time,Interval,,Time,Interval,,Time,Interval,,,,,,,,,,,,,,,
31,-,,,,,,,,,,,,,,,,,,,,,,,,
32,-,,,,,,,,,,,,,,,,,,,,,,,,
33,you,,,,,,,,,,,,,,,,,,,,,,,,
34,were,,,,,,,,,,,,,,,,,,,,,,,,
35,strolling,,,,,,,,,,,,,,,,,,,,,,,,
36,along,,Path,Path,,Direction,Direction,,,,,,,,,,,,,,,,,,
37,like,*,Manner,ComparisonRef,,Manner,ComparisonRef,,Manner,ComparisonRef,,,,,,,,,,,,,,,
38,that,,,,,,,,,,,,,,,,,,,,,,,,
39,",",,,,,,,,,,,,,,,,,,,,,,,,
40,all,,,,,,,,,,,,,,,,,,,,,,,,
41,alone,,,,,,,,,,,,,,,,,,,,,,,,
42,",",,,,,,,,,,,,,,,,,,,,,,,,
43,a,,,,,,,,,,,,,,,,,,,,,,,,
44,thousand,,,,,,,,,,,,,,,,,,,,,,,,
45,miles,,,,,,,,,,,,,,,,,,,,,,,,
46,from,*,Locus,Source,,Locus,Source,,Locus,Source,,,,,,,,,,,,,,,
47,any,,,,,,,,,,,,,,,,,,,,,,,,
48,inhabited,,,,,,,,,,,,,,,,,,,,,,,,
49,region,,,,,,,,,,,,,,,,,,,,,,,,
50,?,,,,,,,,,,,,,,,,,,,,,,,,
,,,,,,,,,,,,,,,,,,,,,,,,,
# sent_id = lpp_1943.1345,,,,,,,,,,,,,,,,,,,,,,,,,
1,You,,,,,,,,,,,,,,,,,,,,,,,,
2,were,,,,,,,,,,,,,,,,,,,,,,,,
3,on,*,Circumstance,Locus,,Locus,Locus,,Locus,Locus,,,,,,,,,,,,,,,
4,the,,,,,,,,,,,,,,,,,,,,,,,,
5,your,*,NONSNACS,NONSNACS,typo??,,,wat,,,i-- what is this sentence tho,,,,,,,,,,,,,,
6,back,,,,,,,,,,,,,,,,,,,,,,,,
7,to,,Goal,Goal,,Goal,Goal,,,,,,,,,,,,,,,,,,
8,the,,,,,,,,,,,,,,,,,,,,,,,,
9,place,,,,,,,,,,,,,,,,,,,,,,,,
10,where,,,,,,,,,,,,,,,,,,,,,,,,
11,you,,,,,,,,,,,,,,,,,,,,,,,,
12,landed,,,,,,,,,,,,,,,,,,,,,,,,
13,?,,,,,,,,,,,,,,,,,,,,,,,,
14,"""",,,,,,,,,,,,,,,,,,,,,,,,
,,,,,,,,,,,,,,,,,,,,,,,,,
# sent_id = lpp_1943.1346,,,,,,,,,,,,,,,,,,,,,,,,,
1,The,,,,,,,,,,,,,,,,,,,,,,,,
2,little,,,,,,,,,,,,,,,,,,,,,,,,
3,prince,,,,,,,,,,,,,,,,,,,,,,,,
4,flushed,,,,,,,,,,,,,,,,,,,,,,,,
5,again,,,,,,,,,,,,,,,,,,,,,,,,
6,.,,,,,,,,,,,,,,,,,,,,,,,,
,,,,,,,,,,,,,,,,,,,,,,,,,
# sent_id = lpp_1943.1347,,,,,,,,,,,,,,,,,,,,,,,,,
1,And,,,,,,,,,,,,,,,,,,,,,,,,
2,I,,,,,,,,,,,,,,,,,,,,,,,,
3,added,,,,,,,,,,,,,,,,,,,,,,,,
4,",",,,,,,,,,,,,,,,,,,,,,,,,
5,with,*,Manner,Manner,,Manner,Manner,,Manner,Manner,,,,,,,,,,,,,,,
6,some,,,,,,,,,,,,,,,,,,,,,,,,
7,hesitancy,,,,,,,,,,,,,,,,,,,,,,,,
8,:,,,,,,,,,,,,,,,,,,,,,,,,
9,"""",,,,,,,,,,,,,,,,,,,,,,,,
10,Perhaps,,,,,,,,,,,,,,,,,,,,,,,,
11,it,,,,,,,,,,,,,,,,,,,,,,,,
12,was,,,,,,,,,,,,,,,,,,,,,,,,
13,because,1:1**,Explanation,Explanation,,Explanation,Explanation,,Explanation,Explanation,,,,,,,,,,,,,,,
14,of,1:2,,,,,,,,,,,,,,,,,,,,,,,
15,the,,,,,,,,,,,,,,,,,,,,,,,,
16,anniversary,,,,,,,,,,,,,,,,,,,,,,,,
17,?,,,,,,,,,,,,,,,,,,,,,,,,
18,"""",,,,,,,,,,,,,,,,,,,,,,,,
,,,,,,,,,,,,,,,,,,,,,,,,,
# sent_id = lpp_1943.1348,,,,,,,,,,,,,,,,,,,,,,,,,
1,The,,,,,,,,,,,,,,,,,,,,,,,,
2,little,,,,,,,,,,,,,,,,,,,,,,,,
3,prince,,,,,,,,,,,,,,,,,,,,,,,,
4,flushed,,,,,,,,,,,,,,,,,,,,,,,,
5,once,,,,,,,,,,,,,,,,,,,,,,,,
6,more,,,,,,,,,,,,,,,,,,,,,,,,
7,.,,,,,,,,,,,,,,,,,,,,,,,,
,,,,,,,,,,,,,,,,,,,,,,,,,
# sent_id = lpp_1943.1349,,,,,,,,,,,,,,,,,,,,,,,,,
1,He,,,,,,,,,,,,,,,,,,,,,,,,
2,never,,,,,,,,,,,,,,,,,,,,,,,,
3,answered,,,,,,,,,,,,,,,,,,,,,,,,
4,questions,,,,,,,,,,,,,,,,,,,,,,,,
5,-,,,,,,,,,,,,,,,,,,,,,,,,
6,-,,,,,,,,,,,,,,,,,,,,,,,,
7,but,,,,,,,,,,,,,,,,,,,,,,,,
8,when,,,,,,,,,,,,,,,,,,,,,,,,
9,one,,,,,,,,,,,,,,,,,,,,,,,,
10,flushes,,,,,,,,,,,,,,,,,,,,,,,,
11,does,,,,,,,,,,,,,,,,,,,,,,,,
12,that,,,,,,,,,,,,,,,,,,,,,,,,
13,not,,,,,,,,,,,,,,,,,,,,,,,,
14,mean,,,,,,,,,,,,,,,,,,,,,,,,
15,"""",,,,,,,,,,,,,,,,,,,,,,,,
16,Yes,,,,,,,,,,,,,,,,,,,,,,,,
17,"""",,,,,,,,,,,,,,,,,,,,,,,,
18,?,,,,,,,,,,,,,,,,,,,,,,,,
,,,,,,,,,,,,,,,,,,,,,,,,,
# sent_id = lpp_1943.1350,,,,,,,,,,,,,,,,,,,,,,,,,
1,"""",,,,,,,,,,,,,,,,,,,,,,,,
2,Ah,,,,,,,,,,,,,,,,,,,,,,,,
3,",",,,,,,,,,,,,,,,,,,,,,,,,
4,"""",,,,,,,,,,,,,,,,,,,,,,,,
,,,,,,,,,,,,,,,,,,,,,,,,,
# sent_id = lpp_1943.1351,,,,,,,,,,,,,,,,,,,,,,,,,
1,I,,,,,,,,,,,,,,,,,,,,,,,,
2,said,,,,,,,,,,,,,,,,,,,,,,,,
3,to,*,Recipient,Goal,,Recipient,Goal,,Recipient,Goal,,,,,,,,,,,,,,,
4,him,,,,,,,,,,,,,,,,,,,,,,,,
5,",",,,,,,,,,,,,,,,,,,,,,,,,
6,"""",,,,,,,,,,,,,,,,,,,,,,,,
7,I,,,,,,,,,,,,,,,,,,,,,,,,
8,am,,,,,,,,,,,,,,,,,,,,,,,,
9,a,,,,,,,,,,,,,,,,,,,,,,,,
10,little,,,,,,,,,,,,,,,,,,,,,,,,
11,frightened,,,,,,,,,,,,,,,,,,,,,,,,
12,-,,,,,,,,,,,,,,,,,,,,,,,,
13,-,,,,,,,,,,,,,,,,,,,,,,,,
14,"""",,,,,,,,,,,,,,,,,,,,,,,,
,,,,,,,,,,,,,,,,,,,,,,,,,
# sent_id = lpp_1943.1352,,,,,,,,,,,,,,,,,,,,,,,,,
1,But,,,,,,,,,,,,,,,,,,,,,,,,
2,he,,,,,,,,,,,,,,,,,,,,,,,,
3,interrupted,,,,,,,,,,,,,,,,,,,,,,,,
4,me,,,,,,,,,,,,,,,,,,,,,,,,
5,.,,,,,,,,,,,,,,,,,,,,,,,,
,,,,,,,,,,,,,,,,,,,,,,,,,
# sent_id = lpp_1943.1353,,,,,,,,,,,,,,,,,,,,,,,,,
1,"""",,,,,,,,,,,,,,,,,,,,,,,,
2,Now,,,,,,,,,,,,,,,,,,,,,,,,
3,you,,,,,,,,,,,,,,,,,,,,,,,,
4,must,,,,,,,,,,,,,,,,,,,,,,,,
5,work,,,,,,,,,,,,,,,,,,,,,,,,
6,.,,,,,,,,,,,,,,,,,,,,,,,,
,,,,,,,,,,,,,,,,,,,,,,,,,
# sent_id = lpp_1943.1354,,,,,,,,,,,,,,,,,,,,,,,,,
1,You,,,,,,,,,,,,,,,,,,,,,,,,
2,must,,,,,,,,,,,,,,,,,,,,,,,,
3,return,,,,,,,,,,,,,,,,,,,,,,,,
4,to,*,Goal,Goal,,Goal,Goal,,Goal,Goal,,,,,,,,,,,,,,,
5,your,*,Possessor,Possessor,,Possessor,Possessor,,Possession,Possession,,,,,,,,,,,,,,,
6,engine,,,,,,,,,,,,,,,,,,,,,,,,
7,.,,,,,,,,,,,,,,,,,,,,,,,,
,,,,,,,,,,,,,,,,,,,,,,,,,
# sent_id = lpp_1943.1355,,,,,,,,,,,,,,,,,,,,,,,,,
1,I,,,,,,,,,,,,,,,,,,,,,,,,
2,will,,,,,,,,,,,,,,,,,,,,,,,,
3,be,,,,,,,,,,,,,,,,,,,,,,,,
4,waiting,,,,,,,,,,,,,,,,,,,,,,,,
5,for,*,Theme,Theme,,Theme,Theme,,Theme,Theme,,,,,,,,,,,,,,,
6,you,,,,,,,,,,,,,,,,,,,,,,,,
7,here,,,,,,,,,,,,,,,,,,,,,,,,
8,.,,,,,,,,,,,,,,,,,,,,,,,,
,,,,,,,,,,,,,,,,,,,,,,,,,
# sent_id = lpp_1943.1356,,,,,,,,,,,,,,,,,,,,,,,,,
1,Come,,,,,,,,,,,,,,,,,,,,,,,,
2,back,,,,,,,,,,,,,,,,,,,,,,,,
3,tomorrow,,,,,,,,,,,,,,,,,,,,,,,,
4,evening,,,,,,,,,,,,,,,,,,,,,,,,
5,...,,,,,,,,,,,,,,,,,,,,,,,,
6,"""",,,,,,,,,,,,,,,,,,,,,,,,
,,,,,,,,,,,,,,,,,,,,,,,,,
# sent_id = lpp_1943.1357,,,,,,,,,,,,,,,,,,,,,,,,,
1,But,,,,,,,,,,,,,,,,,,,,,,,,
2,I,,,,,,,,,,,,,,,,,,,,,,,,
3,was,,,,,,,,,,,,,,,,,,,,,,,,
4,not,,,,,,,,,,,,,,,,,,,,,,,,
5,reassured,,,,,,,,,,,,,,,,,,,,,,,,
6,.,,,,,,,,,,,,,,,,,,,,,,,,
,,,,,,,,,,,,,,,,,,,,,,,,,
# sent_id = lpp_1943.1358,,,,,,,,,,,,,,,,,,,,,,,,,
1,I,,,,,,,,,,,,,,,,,,,,,,,,
2,remembered,,,,,,,,,,,,,,,,,,,,,,,,
3,the,,,,,,,,,,,,,,,,,,,,,,,,
4,fox,,,,,,,,,,,,,,,,,,,,,,,,
5,.,,,,,,,,,,,,,,,,,,,,,,,,
,,,,,,,,,,,,,,,,,,,,,,,,,
# sent_id = lpp_1943.1359,,,,,,,,,,,,,,,,,,,,,,,,,
1,One,,,,,,,,,,,,,,,,,,,,,,,,
2,runs,,,,,,,,,,,,,,,,,,,,,,,,
3,the,,,,,,,,,,,,,,,,,,,,,,,,
4,risk,,,,,,,,,,,,,,,,,,,,,,,,
5,of,*,,,*Q* OGI 123 https://github.com/carmls/snacs-guidelines/issues/123,,,OGI; https://github.com/carmls/snacs-guidelines/issues/2,,,https://github.com/carmls/snacs-guidelines/issues/123,,,,,,,,,,,,,,
6,weeping,,,,,,,,,,,,,,,,,,,,,,,,
7,a,,,,,,,,,,,,,,,,,,,,,,,,
8,little,,,,,,,,,,,,,,,,,,,,,,,,
9,",",,,,,,,,,,,,,,,,,,,,,,,,
10,if,,,,,,,,,,,,,,,,,,,,,,,,
11,one,,,,,,,,,,,,,,,,,,,,,,,,
12,lets,,,,,,,,,,,,,,,,,,,,,,,,
13,himself,,,,,,,,,,,,,,,,,,,,,,,,
14,be,,,,,,,,,,,,,,,,,,,,,,,,
15,tamed,,,,,,,,,,,,,,,,,,,,,,,,
16,...,,,,,,,,,,,,,,,,,,,,,,,,
,,,,,,,,,,,,,,,,,,,,,,,,,
,,,,,,,,,,,,,,,,,,,,,,,,,
,,,,,,,,,,,,,,,,,,,,,,,,,
,,,,,,,,,,,,,,,,,,,,,,,,,
,,,,,,,,,,,,,,,,,,,,,,,,,
,,,,,,,,,,,,,,,,,,,,,,,,,
,,,,,,,,,,,,,,,,,,,,,,,,,
,,,,,,,,,,,,,,,,,,,,,,,,,
,,,,,,,,,,,,,,,,,,,,,,,,,
,,,,,,,,,,,,,,,,,,,,,,,,,
,,,,,,,,,,,,,,,,,,,,,,,,,
,,,,,,,,,,,,,,,,,,,,,,,,,
,,,,,,,,,,,,,,,,,,,,,,,,,
,,,,,,,,,,,,,,,,,,,,,,,,,
,,,,,,,,,,,,,,,,,,,,,,,,,
,,,,,,,,,,,,,,,,,,,,,,,,,
,,,,,,,,,,,,,,,,,,,,,,,,,
,,,,,,,,,,,,,,,,,,,,,,,,,
,,,,,,,,,,,,,,,,,,,,,,,,,
,,,,,,,,,,,,,,,,,,,,,,,,,
,,,,,,,,,,,,,,,,,,,,,,,,,
,,,,,,,,,,,,,,,,,,,,,,,,,
,,,,,,,,,,,,,,,,,,,,,,,,,
,,,,,,,,,,,,,,,,,,,,,,,,,
,,,,,,,,,,,,,,,,,,,,,,,,,
,,,,,,,,,,,,,,,,,,,,,,,,,
,,,,,,,,,,,,,,,,,,,,,,,,,
,,,,,,,,,,,,,,,,,,,,,,,,,
,,,,,,,,,,,,,,,,,,,,,,,,,
,,,,,,,,,,,,,,,,,,,,,,,,,
,,,,,,,,,,,,,,,,,,,,,,,,,
,,,,,,,,,,,,,,,,,,,,,,,,,
,,,,,,,,,,,,,,,,,,,,,,,,,
,,,,,,,,,,,,,,,,,,,,,,,,,
,,,,,,,,,,,,,,,,,,,,,,,,,
,,,,,,,,,,,,,,,,,,,,,,,,,
,,,,,,,,,,,,,,,,,,,,,,,,,
,,,,,,,,,,,,,,,,,,,,,,,,,
,,,,,,,,,,,,,,,,,,,,,,,,,
,,,,,,,,,,,,,,,,,,,,,,,,,
,,,,,,,,,,,,,,,,,,,,,,,,,
,,,,,,,,,,,,,,,,,,,,,,,,,
,,,,,,,,,,,,,,,,,,,,,,,,,
,,,,,,,,,,,,,,,,,,,,,,,,,
,,,,,,,,,,,,,,,,,,,,,,,,,
,,,,,,,,,,,,,,,,,,,,,,,,,
,,,,,,,,,,,,,,,,,,,,,,,,,
,,,,,,,,,,,,,,,,,,,,,,,,,
,,,,,,,,,,,,,,,,,,,,,,,,,
,,,,,,,,,,,,,,,,,,,,,,,,,
,,,,,,,,,,,,,,,,,,,,,,,,,
,,,,,,,,,,,,,,,,,,,,,,,,,
,,,,,,,,,,,,,,,,,,,,,,,,,
,,,,,,,,,,,,,,,,,,,,,,,,,
,,,,,,,,,,,,,,,,,,,,,,,,,
,,,,,,,,,,,,,,,,,,,,,,,,,
,,,,,,,,,,,,,,,,,,,,,,,,,
,,,,,,,,,,,,,,,,,,,,,,,,,
,,,,,,,,,,,,,,,,,,,,,,,,,
,,,,,,,,,,,,,,,,,,,,,,,,,
,,,,,,,,,,,,,,,,,,,,,,,,,
,,,,,,,,,,,,,,,,,,,,,,,,,
,,,,,,,,,,,,,,,,,,,,,,,,,
,,,,,,,,,,,,,,,,,,,,,,,,,
,,,,,,,,,,,,,,,,,,,,,,,,,
,,,,,,,,,,,,,,,,,,,,,,,,,
,,,,,,,,,,,,,,,,,,,,,,,,,
,,,,,,,,,,,,,,,,,,,,,,,,,
,,,,,,,,,,,,,,,,,,,,,,,,,
,,,,,,,,,,,,,,,,,,,,,,,,,
,,,,,,,,,,,,,,,,,,,,,,,,,
,,,,,,,,,,,,,,,,,,,,,,,,,
,,,,,,,,,,,,,,,,,,,,,,,,,
,,,,,,,,,,,,,,,,,,,,,,,,,
,,,,,,,,,,,,,,,,,,,,,,,,,
,,,,,,,,,,,,,,,,,,,,,,,,,
,,,,,,,,,,,,,,,,,,,,,,,,,
,,,,,,,,,,,,,,,,,,,,,,,,,
,,,,,,,,,,,,,,,,,,,,,,,,,
,,,,,,,,,,,,,,,,,,,,,,,,,
,,,,,,,,,,,,,,,,,,,,,,,,,
,,,,,,,,,,,,,,,,,,,,,,,,,
,,,,,,,,,,,,,,,,,,,,,,,,,
,,,,,,,,,,,,,,,,,,,,,,,,,
,,,,,,,,,,,,,,,,,,,,,,,,,
,,,,,,,,,,,,,,,,,,,,,,,,,
,,,,,,,,,,,,,,,,,,,,,,,,,
,,,,,,,,,,,,,,,,,,,,,,,,,
,,,,,,,,,,,,,,,,,,,,,,,,,
,,,,,,,,,,,,,,,,,,,,,,,,,
,,,,,,,,,,,,,,,,,,,,,,,,,
,,,,,,,,,,,,,,,,,,,,,,,,,
,,,,,,,,,,,,,,,,,,,,,,,,,
,,,,,,,,,,,,,,,,,,,,,,,,,
,,,,,,,,,,,,,,,,,,,,,,,,,
,,,,,,,,,,,,,,,,,,,,,,,,,
,,,,,,,,,,,,,,,,,,,,,,,,,
,,,,,,,,,,,,,,,,,,,,,,,,,
,,,,,,,,,,,,,,,,,,,,,,,,,
,,,,,,,,,,,,,,,,,,,,,,,,,
,,,,,,,,,,,,,,,,,,,,,,,,,
,,,,,,,,,,,,,,,,,,,,,,,,,
,,,,,,,,,,,,,,,,,,,,,,,,,
,,,,,,,,,,,,,,,,,,,,,,,,,
,,,,,,,,,,,,,,,,,,,,,,,,,
,,,,,,,,,,,,,,,,,,,,,,,,,
,,,,,,,,,,,,,,,,,,,,,,,,,
,,,,,,,,,,,,,,,,,,,,,,,,,
,,,,,,,,,,,,,,,,,,,,,,,,,
,,,,,,,,,,,,,,,,,,,,,,,,,
,,,,,,,,,,,,,,,,,,,,,,,,,
,,,,,,,,,,,,,,,,,,,,,,,,,
,,,,,,,,,,,,,,,,,,,,,,,,,
,,,,,,,,,,,,,,,,,,,,,,,,,
,,,,,,,,,,,,,,,,,,,,,,,,,
,,,,,,,,,,,,,,,,,,,,,,,,,
,,,,,,,,,,,,,,,,,,,,,,,,,
,,,,,,,,,,,,,,,,,,,,,,,,,
,,,,,,,,,,,,,,,,,,,,,,,,,
,,,,,,,,,,,,,,,,,,,,,,,,,
,,,,,,,,,,,,,,,,,,,,,,,,,
,,,,,,,,,,,,,,,,,,,,,,,,,
,,,,,,,,,,,,,,,,,,,,,,,,,
,,,,,,,,,,,,,,,,,,,,,,,,,
,,,,,,,,,,,,,,,,,,,,,,,,,
,,,,,,,,,,,,,,,,,,,,,,,,,
,,,,,,,,,,,,,,,,,,,,,,,,,
,,,,,,,,,,,,,,,,,,,,,,,,,
,,,,,,,,,,,,,,,,,,,,,,,,,
,,,,,,,,,,,,,,,,,,,,,,,,,
,,,,,,,,,,,,,,,,,,,,,,,,,
,,,,,,,,,,,,,,,,,,,,,,,,,
,,,,,,,,,,,,,,,,,,,,,,,,,
,,,,,,,,,,,,,,,,,,,,,,,,,
,,,,,,,,,,,,,,,,,,,,,,,,,
,,,,,,,,,,,,,,,,,,,,,,,,,
,,,,,,,,,,,,,,,,,,,,,,,,,
,,,,,,,,,,,,,,,,,,,,,,,,,
,,,,,,,,,,,,,,,,,,,,,,,,,
,,,,,,,,,,,,,,,,,,,,,,,,,
,,,,,,,,,,,,,,,,,,,,,,,,,
,,,,,,,,,,,,,,,,,,,,,,,,,
,,,,,,,,,,,,,,,,,,,,,,,,,
,,,,,,,,,,,,,,,,,,,,,,,,,
,,,,,,,,,,,,,,,,,,,,,,,,,
,,,,,,,,,,,,,,,,,,,,,,,,,
,,,,,,,,,,,,,,,,,,,,,,,,,
,,,,,,,,,,,,,,,,,,,,,,,,,
,,,,,,,,,,,,,,,,,,,,,,,,,
,,,,,,,,,,,,,,,,,,,,,,,,,
,,,,,,,,,,,,,,,,,,,,,,,,,
,,,,,,,,,,,,,,,,,,,,,,,,,
,,,,,,,,,,,,,,,,,,,,,,,,,
,,,,,,,,,,,,,,,,,,,,,,,,,
,,,,,,,,,,,,,,,,,,,,,,,,,
,,,,,,,,,,,,,,,,,,,,,,,,,
,,,,,,,,,,,,,,,,,,,,,,,,,
,,,,,,,,,,,,,,,,,,,,,,,,,
,,,,,,,,,,,,,,,,,,,,,,,,,
,,,,,,,,,,,,,,,,,,,,,,,,,
,,,,,,,,,,,,,,,,,,,,,,,,,
,,,,,,,,,,,,,,,,,,,,,,,,,
,,,,,,,,,,,,,,,,,,,,,,,,,
,,,,,,,,,,,,,,,,,,,,,,,,,
,,,,,,,,,,,,,,,,,,,,,,,,,
,,,,,,,,,,,,,,,,,,,,,,,,,
,,,,,,,,,,,,,,,,,,,,,,,,,
,,,,,,,,,,,,,,,,,,,,,,,,,
,,,,,,,,,,,,,,,,,,,,,,,,,
,,,,,,,,,,,,,,,,,,,,,,,,,
,,,,,,,,,,,,,,,,,,,,,,,,,
,,,,,,,,,,,,,,,,,,,,,,,,,
,,,,,,,,,,,,,,,,,,,,,,,,,
,,,,,,,,,,,,,,,,,,,,,,,,,
,,,,,,,,,,,,,,,,,,,,,,,,,
,,,,,,,,,,,,,,,,,,,,,,,,,
,,,,,,,,,,,,,,,,,,,,,,,,,
,,,,,,,,,,,,,,,,,,,,,,,,,
,,,,,,,,,,,,,,,,,,,,,,,,,
,,,,,,,,,,,,,,,,,,,,,,,,,
,,,,,,,,,,,,,,,,,,,,,,,,,
,,,,,,,,,,,,,,,,,,,,,,,,,
,,,,,,,,,,,,,,,,,,,,,,,,,
,,,,,,,,,,,,,,,,,,,,,,,,,
,,,,,,,,,,,,,,,,,,,,,,,,,
,,,,,,,,,,,,,,,,,,,,,,,,,
,,,,,,,,,,,,,,,,,,,,,,,,,
,,,,,,,,,,,,,,,,,,,,,,,,,
,,,,,,,,,,,,,,,,,,,,,,,,,
,,,,,,,,,,,,,,,,,,,,,,,,,
,,,,,,,,,,,,,,,,,,,,,,,,,
,,,,,,,,,,,,,,,,,,,,,,,,,
,,,,,,,,,,,,,,,,,,,,,,,,,
,,,,,,,,,,,,,,,,,,,,,,,,,
,,,,,,,,,,,,,,,,,,,,,,,,,
,,,,,,,,,,,,,,,,,,,,,,,,,
,,,,,,,,,,,,,,,,,,,,,,,,,
,,,,,,,,,,,,,,,,,,,,,,,,,
,,,,,,,,,,,,,,,,,,,,,,,,,
,,,,,,,,,,,,,,,,,,,,,,,,,
,,,,,,,,,,,,,,,,,,,,,,,,,
,,,,,,,,,,,,,,,,,,,,,,,,,
,,,,,,,,,,,,,,,,,,,,,,,,,
,,,,,,,,,,,,,,,,,,,,,,,,,
,,,,,,,,,,,,,,,,,,,,,,,,,
,,,,,,,,,,,,,,,,,,,,,,,,,
,,,,,,,,,,,,,,,,,,,,,,,,,
,,,,,,,,,,,,,,,,,,,,,,,,,
,,,,,,,,,,,,,,,,,,,,,,,,,
,,,,,,,,,,,,,,,,,,,,,,,,,
,,,,,,,,,,,,,,,,,,,,,,,,,
,,,,,,,,,,,,,,,,,,,,,,,,,
,,,,,,,,,,,,,,,,,,,,,,,,,
,,,,,,,,,,,,,,,,,,,,,,,,,
,,,,,,,,,,,,,,,,,,,,,,,,,
,,,,,,,,,,,,,,,,,,,,,,,,,
,,,,,,,,,,,,,,,,,,,,,,,,,
,,,,,,,,,,,,,,,,,,,,,,,,,
,,,,,,,,,,,,,,,,,,,,,,,,,
,,,,,,,,,,,,,,,,,,,,,,,,,
,,,,,,,,,,,,,,,,,,,,,,,,,
,,,,,,,,,,,,,,,,,,,,,,,,,
,,,,,,,,,,,,,,,,,,,,,,,,,
,,,,,,,,,,,,,,,,,,,,,,,,,
,,,,,,,,,,,,,,,,,,,,,,,,,
,,,,,,,,,,,,,,,,,,,,,,,,,
,,,,,,,,,,,,,,,,,,,,,,,,,
,,,,,,,,,,,,,,,,,,,,,,,,,
,,,,,,,,,,,,,,,,,,,,,,,,,
,,,,,,,,,,,,,,,,,,,,,,,,,
,,,,,,,,,,,,,,,,,,,,,,,,,
,,,,,,,,,,,,,,,,,,,,,,,,,
,,,,,,,,,,,,,,,,,,,,,,,,,
,,,,,,,,,,,,,,,,,,,,,,,,,
,,,,,,,,,,,,,,,,,,,,,,,,,
,,,,,,,,,,,,,,,,,,,,,,,,,
,,,,,,,,,,,,,,,,,,,,,,,,,
,,,,,,,,,,,,,,,,,,,,,,,,,
,,,,,,,,,,,,,,,,,,,,,,,,,
,,,,,,,,,,,,,,,,,,,,,,,,,
,,,,,,,,,,,,,,,,,,,,,,,,,
,,,,,,,,,,,,,,,,,,,,,,,,,
,,,,,,,,,,,,,,,,,,,,,,,,,
,,,,,,,,,,,,,,,,,,,,,,,,,
,,,,,,,,,,,,,,,,,,,,,,,,,
,,,,,,,,,,,,,,,,,,,,,,,,,
,,,,,,,,,,,,,,,,,,,,,,,,,
,,,,,,,,,,,,,,,,,,,,,,,,,
,,,,,,,,,,,,,,,,,,,,,,,,,
,,,,,,,,,,,,,,,,,,,,,,,,,
,,,,,,,,,,,,,,,,,,,,,,,,,
,,,,,,,,,,,,,,,,,,,,,,,,,
,,,,,,,,,,,,,,,,,,,,,,,,,
,,,,,,,,,,,,,,,,,,,,,,,,,
,,,,,,,,,,,,,,,,,,,,,,,,,
,,,,,,,,,,,,,,,,,,,,,,,,,
,,,,,,,,,,,,,,,,,,,,,,,,,
,,,,,,,,,,,,,,,,,,,,,,,,,
,,,,,,,,,,,,,,,,,,,,,,,,,
,,,,,,,,,,,,,,,,,,,,,,,,,
,,,,,,,,,,,,,,,,,,,,,,,,,
,,,,,,,,,,,,,,,,,,,,,,,,,
,,,,,,,,,,,,,,,,,,,,,,,,,
,,,,,,,,,,,,,,,,,,,,,,,,,
,,,,,,,,,,,,,,,,,,,,,,,,,
,,,,,,,,,,,,,,,,,,,,,,,,,
,,,,,,,,,,,,,,,,,,,,,,,,,
,,,,,,,,,,,,,,,,,,,,,,,,,
,,,,,,,,,,,,,,,,,,,,,,,,,
,,,,,,,,,,,,,,,,,,,,,,,,,
,,,,,,,,,,,,,,,,,,,,,,,,,
,,,,,,,,,,,,,,,,,,,,,,,,,
,,,,,,,,,,,,,,,,,,,,,,,,,
,,,,,,,,,,,,,,,,,,,,,,,,,
,,,,,,,,,,,,,,,,,,,,,,,,,
,,,,,,,,,,,,,,,,,,,,,,,,,
,,,,,,,,,,,,,,,,,,,,,,,,,
,,,,,,,,,,,,,,,,,,,,,,,,,
,,,,,,,,,,,,,,,,,,,,,,,,,
,,,,,,,,,,,,,,,,,,,,,,,,,
,,,,,,,,,,,,,,,,,,,,,,,,,
,,,,,,,,,,,,,,,,,,,,,,,,,
,,,,,,,,,,,,,,,,,,,,,,,,,
,,,,,,,,,,,,,,,,,,,,,,,,,
,,,,,,,,,,,,,,,,,,,,,,,,,
,,,,,,,,,,,,,,,,,,,,,,,,,
,,,,,,,,,,,,,,,,,,,,,,,,,
,,,,,,,,,,,,,,,,,,,,,,,,,
,,,,,,,,,,,,,,,,,,,,,,,,,
,,,,,,,,,,,,,,,,,,,,,,,,,
,,,,,,,,,,,,,,,,,,,,,,,,,
,,,,,,,,,,,,,,,,,,,,,,,,,
,,,,,,,,,,,,,,,,,,,,,,,,,
,,,,,,,,,,,,,,,,,,,,,,,,,
,,,,,,,,,,,,,,,,,,,,,,,,,
,,,,,,,,,,,,,,,,,,,,,,,,,
,,,,,,,,,,,,,,,,,,,,,,,,,
,,,,,,,,,,,,,,,,,,,,,,,,,
,,,,,,,,,,,,,,,,,,,,,,,,,
,,,,,,,,,,,,,,,,,,,,,,,,,
,,,,,,,,,,,,,,,,,,,,,,,,,
,,,,,,,,,,,,,,,,,,,,,,,,,
,,,,,,,,,,,,,,,,,,,,,,,,,
,,,,,,,,,,,,,,,,,,,,,,,,,
,,,,,,,,,,,,,,,,,,,,,,,,,
,,,,,,,,,,,,,,,,,,,,,,,,,
,,,,,,,,,,,,,,,,,,,,,,,,,
,,,,,,,,,,,,,,,,,,,,,,,,,
,,,,,,,,,,,,,,,,,,,,,,,,,
,,,,,,,,,,,,,,,,,,,,,,,,,
,,,,,,,,,,,,,,,,,,,,,,,,,
,,,,,,,,,,,,,,,,,,,,,,,,,
,,,,,,,,,,,,,,,,,,,,,,,,,
,,,,,,,,,,,,,,,,,,,,,,,,,
,,,,,,,,,,,,,,,,,,,,,,,,,
,,,,,,,,,,,,,,,,,,,,,,,,,
,,,,,,,,,,,,,,,,,,,,,,,,,
,,,,,,,,,,,,,,,,,,,,,,,,,
,,,,,,,,,,,,,,,,,,,,,,,,,
,,,,,,,,,,,,,,,,,,,,,,,,,
,,,,,,,,,,,,,,,,,,,,,,,,,
,,,,,,,,,,,,,,,,,,,,,,,,,
,,,,,,,,,,,,,,,,,,,,,,,,,
,,,,,,,,,,,,,,,,,,,,,,,,,
,,,,,,,,,,,,,,,,,,,,,,,,,
,,,,,,,,,,,,,,,,,,,,,,,,,
,,,,,,,,,,,,,,,,,,,,,,,,,
,,,,,,,,,,,,,,,,,,,,,,,,,
,,,,,,,,,,,,,,,,,,,,,,,,,
,,,,,,,,,,,,,,,,,,,,,,,,,
,,,,,,,,,,,,,,,,,,,,,,,,,
,,,,,,,,,,,,,,,,,,,,,,,,,
,,,,,,,,,,,,,,,,,,,,,,,,,
,,,,,,,,,,,,,,,,,,,,,,,,,
,,,,,,,,,,,,,,,,,,,,,,,,,
,,,,,,,,,,,,,,,,,,,,,,,,,
,,,,,,,,,,,,,,,,,,,,,,,,,
,,,,,,,,,,,,,,,,,,,,,,,,,
,,,,,,,,,,,,,,,,,,,,,,,,,
,,,,,,,,,,,,,,,,,,,,,,,,,
,,,,,,,,,,,,,,,,,,,,,,,,,
,,,,,,,,,,,,,,,,,,,,,,,,,
,,,,,,,,,,,,,,,,,,,,,,,,,
,,,,,,,,,,,,,,,,,,,,,,,,,
,,,,,,,,,,,,,,,,,,,,,,,,,
,,,,,,,,,,,,,,,,,,,,,,,,,
,,,,,,,,,,,,,,,,,,,,,,,,,
,,,,,,,,,,,,,,,,,,,,,,,,,
,,,,,,,,,,,,,,,,,,,,,,,,,
,,,,,,,,,,,,,,,,,,,,,,,,,
,,,,,,,,,,,,,,,,,,,,,,,,,
,,,,,,,,,,,,,,,,,,,,,,,,,
,,,,,,,,,,,,,,,,,,,,,,,,,
,,,,,,,,,,,,,,,,,,,,,,,,,
,,,,,,,,,,,,,,,,,,,,,,,,,
,,,,,,,,,,,,,,,,,,,,,,,,,
,,,,,,,,,,,,,,,,,,,,,,,,,
,,,,,,,,,,,,,,,,,,,,,,,,,
,,,,,,,,,,,,,,,,,,,,,,,,,
,,,,,,,,,,,,,,,,,,,,,,,,,
,,,,,,,,,,,,,,,,,,,,,,,,,
,,,,,,,,,,,,,,,,,,,,,,,,,
,,,,,,,,,,,,,,,,,,,,,,,,,
,,,,,,,,,,,,,,,,,,,,,,,,,
,,,,,,,,,,,,,,,,,,,,,,,,,
,,,,,,,,,,,,,,,,,,,,,,,,,
,,,,,,,,,,,,,,,,,,,,,,,,,
,,,,,,,,,,,,,,,,,,,,,,,,,
,,,,,,,,,,,,,,,,,,,,,,,,,
,,,,,,,,,,,,,,,,,,,,,,,,,
,,,,,,,,,,,,,,,,,,,,,,,,,
,,,,,,,,,,,,,,,,,,,,,,,,,
,,,,,,,,,,,,,,,,,,,,,,,,,
,,,,,,,,,,,,,,,,,,,,,,,,,
,,,,,,,,,,,,,,,,,,,,,,,,,
,,,,,,,,,,,,,,,,,,,,,,,,,
,,,,,,,,,,,,,,,,,,,,,,,,,
,,,,,,,,,,,,,,,,,,,,,,,,,
,,,,,,,,,,,,,,,,,,,,,,,,,
,,,,,,,,,,,,,,,,,,,,,,,,,
,,,,,,,,,,,,,,,,,,,,,,,,,
,,,,,,,,,,,,,,,,,,,,,,,,,
,,,,,,,,,,,,,,,,,,,,,,,,,
,,,,,,,,,,,,,,,,,,,,,,,,,
,,,,,,,,,,,,,,,,,,,,,,,,,
,,,,,,,,,,,,,,,,,,,,,,,,,
,,,,,,,,,,,,,,,,,,,,,,,,,
,,,,,,,,,,,,,,,,,,,,,,,,,
,,,,,,,,,,,,,,,,,,,,,,,,,
,,,,,,,,,,,,,,,,,,,,,,,,,
,,,,,,,,,,,,,,,,,,,,,,,,,
,,,,,,,,,,,,,,,,,,,,,,,,,
,,,,,,,,,,,,,,,,,,,,,,,,,
,,,,,,,,,,,,,,,,,,,,,,,,,
,,,,,,,,,,,,,,,,,,,,,,,,,
,,,,,,,,,,,,,,,,,,,,,,,,,
,,,,,,,,,,,,,,,,,,,,,,,,,
,,,,,,,,,,,,,,,,,,,,,,,,,
,,,,,,,,,,,,,,,,,,,,,,,,,
,,,,,,,,,,,,,,,,,,,,,,,,,
,,,,,,,,,,,,,,,,,,,,,,,,,
,,,,,,,,,,,,,,,,,,,,,,,,,
,,,,,,,,,,,,,,,,,,,,,,,,,
,,,,,,,,,,,,,,,,,,,,,,,,,
,,,,,,,,,,,,,,,,,,,,,,,,,
,,,,,,,,,,,,,,,,,,,,,,,,,
,,,,,,,,,,,,,,,,,,,,,,,,,
,,,,,,,,,,,,,,,,,,,,,,,,,
,,,,,,,,,,,,,,,,,,,,,,,,,
,,,,,,,,,,,,,,,,,,,,,,,,,
,,,,,,,,,,,,,,,,,,,,,,,,,
,,,,,,,,,,,,,,,,,,,,,,,,,
,,,,,,,,,,,,,,,,,,,,,,,,,
,,,,,,,,,,,,,,,,,,,,,,,,,
,,,,,,,,,,,,,,,,,,,,,,,,,
,,,,,,,,,,,,,,,,,,,,,,,,,
,,,,,,,,,,,,,,,,,,,,,,,,,
,,,,,,,,,,,,,,,,,,,,,,,,,
,,,,,,,,,,,,,,,,,,,,,,,,,
,,,,,,,,,,,,,,,,,,,,,,,,,
,,,,,,,,,,,,,,,,,,,,,,,,,
,,,,,,,,,,,,,,,,,,,,,,,,,
,,,,,,,,,,,,,,,,,,,,,,,,,
,,,,,,,,,,,,,,,,,,,,,,,,,
,,,,,,,,,,,,,,,,,,,,,,,,,
,,,,,,,,,,,,,,,,,,,,,,,,,
,,,,,,,,,,,,,,,,,,,,,,,,,
,,,,,,,,,,,,,,,,,,,,,,,,,
,,,,,,,,,,,,,,,,,,,,,,,,,
,,,,,,,,,,,,,,,,,,,,,,,,,
,,,,,,,,,,,,,,,,,,,,,,,,,
,,,,,,,,,,,,,,,,,,,,,,,,,
,,,,,,,,,,,,,,,,,,,,,,,,,
,,,,,,,,,,,,,,,,,,,,,,,,,
,,,,,,,,,,,,,,,,,,,,,,,,,
,,,,,,,,,,,,,,,,,,,,,,,,,
,,,,,,,,,,,,,,,,,,,,,,,,,
,,,,,,,,,,,,,,,,,,,,,,,,,
,,,,,,,,,,,,,,,,,,,,,,,,,
,,,,,,,,,,,,,,,,,,,,,,,,,
,,,,,,,,,,,,,,,,,,,,,,,,,
,,,,,,,,,,,,,,,,,,,,,,,,,
,,,,,,,,,,,,,,,,,,,,,,,,,
,,,,,,,,,,,,,,,,,,,,,,,,,
,,,,,,,,,,,,,,,,,,,,,,,,,
,,,,,,,,,,,,,,,,,,,,,,,,,
,,,,,,,,,,,,,,,,,,,,,,,,,
,,,,,,,,,,,,,,,,,,,,,,,,,
,,,,,,,,,,,,,,,,,,,,,,,,,
,,,,,,,,,,,,,,,,,,,,,,,,,
,,,,,,,,,,,,,,,,,,,,,,,,,
,,,,,,,,,,,,,,,,,,,,,,,,,
,,,,,,,,,,,,,,,,,,,,,,,,,
,,,,,,,,,,,,,,,,,,,,,,,,,
,,,,,,,,,,,,,,,,,,,,,,,,,
,,,,,,,,,,,,,,,,,,,,,,,,,
,,,,,,,,,,,,,,,,,,,,,,,,,
,,,,,,,,,,,,,,,,,,,,,,,,,
,,,,,,,,,,,,,,,,,,,,,,,,,
,,,,,,,,,,,,,,,,,,,,,,,,,
,,,,,,,,,,,,,,,,,,,,,,,,,
,,,,,,,,,,,,,,,,,,,,,,,,,
,,,,,,,,,,,,,,,,,,,,,,,,,
,,,,,,,,,,,,,,,,,,,,,,,,,
,,,,,,,,,,,,,,,,,,,,,,,,,
,,,,,,,,,,,,,,,,,,,,,,,,,
,,,,,,,,,,,,,,,,,,,,,,,,,
,,,,,,,,,,,,,,,,,,,,,,,,,
,,,,,,,,,,,,,,,,,,,,,,,,,
,,,,,,,,,,,,,,,,,,,,,,,,,
,,,,,,,,,,,,,,,,,,,,,,,,,
,,,,,,,,,,,,,,,,,,,,,,,,,
,,,,,,,,,,,,,,,,,,,,,,,,,
,,,,,,,,,,,,,,,,,,,,,,,,,
,,,,,,,,,,,,,,,,,,,,,,,,,
,,,,,,,,,,,,,,,,,,,,,,,,,
,,,,,,,,,,,,,,,,,,,,,,,,,
,,,,,,,,,,,,,,,,,,,,,,,,,
,,,,,,,,,,,,,,,,,,,,,,,,,
,,,,,,,,,,,,,,,,,,,,,,,,,
,,,,,,,,,,,,,,,,,,,,,,,,,
,,,,,,,,,,,,,,,,,,,,,,,,,
,,,,,,,,,,,,,,,,,,,,,,,,,
,,,,,,,,,,,,,,,,,,,,,,,,,
,,,,,,,,,,,,,,,,,,,,,,,,,
,,,,,,,,,,,,,,,,,,,,,,,,,
,,,,,,,,,,,,,,,,,,,,,,,,,
,,,,,,,,,,,,,,,,,,,,,,,,,
,,,,,,,,,,,,,,,,,,,,,,,,,
,,,,,,,,,,,,,,,,,,,,,,,,,
,,,,,,,,,,,,,,,,,,,,,,,,,
,,,,,,,,,,,,,,,,,,,,,,,,,
,,,,,,,,,,,,,,,,,,,,,,,,,
,,,,,,,,,,,,,,,,,,,,,,,,,
,,,,,,,,,,,,,,,,,,,,,,,,,
,,,,,,,,,,,,,,,,,,,,,,,,,
,,,,,,,,,,,,,,,,,,,,,,,,,
,,,,,,,,,,,,,,,,,,,,,,,,,
,,,,,,,,,,,,,,,,,,,,,,,,,
,,,,,,,,,,,,,,,,,,,,,,,,,
,,,,,,,,,,,,,,,,,,,,,,,,,
,,,,,,,,,,,,,,,,,,,,,,,,,
,,,,,,,,,,,,,,,,,,,,,,,,,
,,,,,,,,,,,,,,,,,,,,,,,,,
,,,,,,,,,,,,,,,,,,,,,,,,,
,,,,,,,,,,,,,,,,,,,,,,,,,
,,,,,,,,,,,,,,,,,,,,,,,,,
,,,,,,,,,,,,,,,,,,,,,,,,,
,,,,,,,,,,,,,,,,,,,,,,,,,
,,,,,,,,,,,,,,,,,,,,,,,,,
,,,,,,,,,,,,,,,,,,,,,,,,,
,,,,,,,,,,,,,,,,,,,,,,,,,
,,,,,,,,,,,,,,,,,,,,,,,,,
,,,,,,,,,,,,,,,,,,,,,,,,,
,,,,,,,,,,,,,,,,,,,,,,,,,
,,,,,,,,,,,,,,,,,,,,,,,,,
,,,,,,,,,,,,,,,,,,,,,,,,,
,,,,,,,,,,,,,,,,,,,,,,,,,
,,,,,,,,,,,,,,,,,,,,,,,,,
,,,,,,,,,,,,,,,,,,,,,,,,,
,,,,,,,,,,,,,,,,,,,,,,,,,
,,,,,,,,,,,,,,,,,,,,,,,,,
,,,,,,,,,,,,,,,,,,,,,,,,,
,,,,,,,,,,,,,,,,,,,,,,,,,
,,,,,,,,,,,,,,,,,,,,,,,,,
,,,,,,,,,,,,,,,,,,,,,,,,,
,,,,,,,,,,,,,,,,,,,,,,,,,
,,,,,,,,,,,,,,,,,,,,,,,,,
,,,,,,,,,,,,,,,,,,,,,,,,,
,,,,,,,,,,,,,,,,,,,,,,,,,
,,,,,,,,,,,,,,,,,,,,,,,,,
,,,,,,,,,,,,,,,,,,,,,,,,,
,,,,,,,,,,,,,,,,,,,,,,,,,
,,,,,,,,,,,,,,,,,,,,,,,,,
,,,,,,,,,,,,,,,,,,,,,,,,,
,,,,,,,,,,,,,,,,,,,,,,,,,
,,,,,,,,,,,,,,,,,,,,,,,,,
,,,,,,,,,,,,,,,,,,,,,,,,,
,,,,,,,,,,,,,,,,,,,,,,,,,
,,,,,,,,,,,,,,,,,,,,,,,,,
,,,,,,,,,,,,,,,,,,,,,,,,,
,,,,,,,,,,,,,,,,,,,,,,,,,
,,,,,,,,,,,,,,,,,,,,,,,,,
,,,,,,,,,,,,,,,,,,,,,,,,,
,,,,,,,,,,,,,,,,,,,,,,,,,
,,,,,,,,,,,,,,,,,,,,,,,,,
,,,,,,,,,,,,,,,,,,,,,,,,,
,,,,,,,,,,,,,,,,,,,,,,,,,
,,,,,,,,,,,,,,,,,,,,,,,,,
,,,,,,,,,,,,,,,,,,,,,,,,,
,,,,,,,,,,,,,,,,,,,,,,,,,
,,,,,,,,,,,,,,,,,,,,,,,,,
,,,,,,,,,,,,,,,,,,,,,,,,,
,,,,,,,,,,,,,,,,,,,,,,,,,
,,,,,,,,,,,,,,,,,,,,,,,,,
,,,,,,,,,,,,,,,,,,,,,,,,,
,,,,,,,,,,,,,,,,,,,,,,,,,
,,,,,,,,,,,,,,,,,,,,,,,,,
,,,,,,,,,,,,,,,,,,,,,,,,,
,,,,,,,,,,,,,,,,,,,,,,,,,
,,,,,,,,,,,,,,,,,,,,,,,,,
,,,,,,,,,,,,,,,,,,,,,,,,,
,,,,,,,,,,,,,,,,,,,,,,,,,
,,,,,,,,,,,,,,,,,,,,,,,,,
,,,,,,,,,,,,,,,,,,,,,,,,,
,,,,,,,,,,,,,,,,,,,,,,,,,
,,,,,,,,,,,,,,,,,,,,,,,,,
,,,,,,,,,,,,,,,,,,,,,,,,,
,,,,,,,,,,,,,,,,,,,,,,,,,
,,,,,,,,,,,,,,,,,,,,,,,,,
,,,,,,,,,,,,,,,,,,,,,,,,,
,,,,,,,,,,,,,,,,,,,,,,,,,
,,,,,,,,,,,,,,,,,,,,,,,,,
,,,,,,,,,,,,,,,,,,,,,,,,,
,,,,,,,,,,,,,,,,,,,,,,,,,
,,,,,,,,,,,,,,,,,,,,,,,,,
,,,,,,,,,,,,,,,,,,,,,,,,,
,,,,,,,,,,,,,,,,,,,,,,,,,
,,,,,,,,,,,,,,,,,,,,,,,,,
,,,,,,,,,,,,,,,,,,,,,,,,,
,,,,,,,,,,,,,,,,,,,,,,,,,
,,,,,,,,,,,,,,,,,,,,,,,,,
,,,,,,,,,,,,,,,,,,,,,,,,,
,,,,,,,,,,,,,,,,,,,,,,,,,
,,,,,,,,,,,,,,,,,,,,,,,,,
,,,,,,,,,,,,,,,,,,,,,,,,,
,,,,,,,,,,,,,,,,,,,,,,,,,
,,,,,,,,,,,,,,,,,,,,,,,,,
,,,,,,,,,,,,,,,,,,,,,,,,,
,,,,,,,,,,,,,,,,,,,,,,,,,
,,,,,,,,,,,,,,,,,,,,,,,,,
,,,,,,,,,,,,,,,,,,,,,,,,,
,,,,,,,,,,,,,,,,,,,,,,,,,
,,,,,,,,,,,,,,,,,,,,,,,,,
,,,,,,,,,,,,,,,,,,,,,,,,,
,,,,,,,,,,,,,,,,,,,,,,,,,
,,,,,,,,,,,,,,,,,,,,,,,,,
,,,,,,,,,,,,,,,,,,,,,,,,,
,,,,,,,,,,,,,,,,,,,,,,,,,
,,,,,,,,,,,,,,,,,,,,,,,,,
,,,,,,,,,,,,,,,,,,,,,,,,,
,,,,,,,,,,,,,,,,,,,,,,,,,
,,,,,,,,,,,,,,,,,,,,,,,,,
,,,,,,,,,,,,,,,,,,,,,,,,,
,,,,,,,,,,,,,,,,,,,,,,,,,
,,,,,,,,,,,,,,,,,,,,,,,,,
,,,,,,,,,,,,,,,,,,,,,,,,,
,,,,,,,,,,,,,,,,,,,,,,,,,
,,,,,,,,,,,,,,,,,,,,,,,,,
,,,,,,,,,,,,,,,,,,,,,,,,,
,,,,,,,,,,,,,,,,,,,,,,,,,
,,,,,,,,,,,,,,,,,,,,,,,,,
,,,,,,,,,,,,,,,,,,,,,,,,,
,,,,,,,,,,,,,,,,,,,,,,,,,
,,,,,,,,,,,,,,,,,,,,,,,,,
,,,,,,,,,,,,,,,,,,,,,,,,,
,,,,,,,,,,,,,,,,,,,,,,,,,
,,,,,,,,,,,,,,,,,,,,,,,,,
,,,,,,,,,,,,,,,,,,,,,,,,,
,,,,,,,,,,,,,,,,,,,,,,,,,
,,,,,,,,,,,,,,,,,,,,,,,,,
,,,,,,,,,,,,,,,,,,,,,,,,,
,,,,,,,,,,,,,,,,,,,,,,,,,
,,,,,,,,,,,,,,,,,,,,,,,,,
,,,,,,,,,,,,,,,,,,,,,,,,,
,,,,,,,,,,,,,,,,,,,,,,,,,
,,,,,,,,,,,,,,,,,,,,,,,,,
,,,,,,,,,,,,,,,,,,,,,,,,,
,,,,,,,,,,,,,,,,,,,,,,,,,
,,,,,,,,,,,,,,,,,,,,,,,,,
,,,,,,,,,,,,,,,,,,,,,,,,,
,,,,,,,,,,,,,,,,,,,,,,,,,
,,,,,,,,,,,,,,,,,,,,,,,,,
,,,,,,,,,,,,,,,,,,,,,,,,,
,,,,,,,,,,,,,,,,,,,,,,,,,
,,,,,,,,,,,,,,,,,,,,,,,,,
,,,,,,,,,,,,,,,,,,,,,,,,,
,,,,,,,,,,,,,,,,,,,,,,,,,
,,,,,,,,,,,,,,,,,,,,,,,,,
,,,,,,,,,,,,,,,,,,,,,,,,,
,,,,,,,,,,,,,,,,,,,,,,,,,
,,,,,,,,,,,,,,,,,,,,,,,,,
,,,,,,,,,,,,,,,,,,,,,,,,,
,,,,,,,,,,,,,,,,,,,,,,,,,
,,,,,,,,,,,,,,,,,,,,,,,,,
,,,,,,,,,,,,,,,,,,,,,,,,,
,,,,,,,,,,,,,,,,,,,,,,,,,
,,,,,,,,,,,,,,,,,,,,,,,,,
,,,,,,,,,,,,,,,,,,,,,,,,,
,,,,,,,,,,,,,,,,,,,,,,,,,
,,,,,,,,,,,,,,,,,,,,,,,,,
,,,,,,,,,,,,,,,,,,,,,,,,,
,,,,,,,,,,,,,,,,,,,,,,,,,
,,,,,,,,,,,,,,,,,,,,,,,,,
,,,,,,,,,,,,,,,,,,,,,,,,,
,,,,,,,,,,,,,,,,,,,,,,,,,
,,,,,,,,,,,,,,,,,,,,,,,,,
,,,,,,,,,,,,,,,,,,,,,,,,,
,,,,,,,,,,,,,,,,,,,,,,,,,
,,,,,,,,,,,,,,,,,,,,,,,,,
,,,,,,,,,,,,,,,,,,,,,,,,,
,,,,,,,,,,,,,,,,,,,,,,,,,
,,,,,,,,,,,,,,,,,,,,,,,,,
,,,,,,,,,,,,,,,,,,,,,,,,,
,,,,,,,,,,,,,,,,,,,,,,,,,
,,,,,,,,,,,,,,,,,,,,,,,,,
,,,,,,,,,,,,,,,,,,,,,,,,,
,,,,,,,,,,,,,,,,,,,,,,,,,
,,,,,,,,,,,,,,,,,,,,,,,,,
,,,,,,,,,,,,,,,,,,,,,,,,,
,,,,,,,,,,,,,,,,,,,,,,,,,
,,,,,,,,,,,,,,,,,,,,,,,,,
,,,,,,,,,,,,,,,,,,,,,,,,,
,,,,,,,,,,,,,,,,,,,,,,,,,
,,,,,,,,,,,,,,,,,,,,,,,,,
,,,,,,,,,,,,,,,,,,,,,,,,,
,,,,,,,,,,,,,,,,,,,,,,,,,
,,,,,,,,,,,,,,,,,,,,,,,,,
,,,,,,,,,,,,,,,,,,,,,,,,,
,,,,,,,,,,,,,,,,,,,,,,,,,
,,,,,,,,,,,,,,,,,,,,,,,,,
,,,,,,,,,,,,,,,,,,,,,,,,,
,,,,,,,,,,,,,,,,,,,,,,,,,
,,,,,,,,,,,,,,,,,,,,,,,,,
,,,,,,,,,,,,,,,,,,,,,,,,,
,,,,,,,,,,,,,,,,,,,,,,,,,
,,,,,,,,,,,,,,,,,,,,,,,,,
,,,,,,,,,,,,,,,,,,,,,,,,,
,,,,,,,,,,,,,,,,,,,,,,,,,
,,,,,,,,,,,,,,,,,,,,,,,,,
,,,,,,,,,,,,,,,,,,,,,,,,,
,,,,,,,,,,,,,,,,,,,,,,,,,
,,,,,,,,,,,,,,,,,,,,,,,,,
,,,,,,,,,,,,,,,,,,,,,,,,,
,,,,,,,,,,,,,,,,,,,,,,,,,
,,,,,,,,,,,,,,,,,,,,,,,,,
,,,,,,,,,,,,,,,,,,,,,,,,,
,,,,,,,,,,,,,,,,,,,,,,,,,
,,,,,,,,,,,,,,,,,,,,,,,,,
,,,,,,,,,,,,,,,,,,,,,,,,,
,,,,,,,,,,,,,,,,,,,,,,,,,
,,,,,,,,,,,,,,,,,,,,,,,,,
,,,,,,,,,,,,,,,,,,,,,,,,,
,,,,,,,,,,,,,,,,,,,,,,,,,
,,,,,,,,,,,,,,,,,,,,,,,,,
,,,,,,,,,,,,,,,,,,,,,,,,,
,,,,,,,,,,,,,,,,,,,,,,,,,
,,,,,,,,,,,,,,,,,,,,,,,,,
,,,,,,,,,,,,,,,,,,,,,,,,,
,,,,,,,,,,,,,,,,,,,,,,,,,
,,,,,,,,,,,,,,,,,,,,,,,,,
,,,,,,,,,,,,,,,,,,,,,,,,,
,,,,,,,,,,,,,,,,,,,,,,,,,
,,,,,,,,,,,,,,,,,,,,,,,,,
,,,,,,,,,,,,,,,,,,,,,,,,,
,,,,,,,,,,,,,,,,,,,,,,,,,
,,,,,,,,,,,,,,,,,,,,,,,,,
,,,,,,,,,,,,,,,,,,,,,,,,,
,,,,,,,,,,,,,,,,,,,,,,,,,
,,,,,,,,,,,,,,,,,,,,,,,,,
,,,,,,,,,,,,,,,,,,,,,,,,,
,,,,,,,,,,,,,,,,,,,,,,,,,
,,,,,,,,,,,,,,,,,,,,,,,,,
,,,,,,,,,,,,,,,,,,,,,,,,,
,,,,,,,,,,,,,,,,,,,,,,,,,
,,,,,,,,,,,,,,,,,,,,,,,,,
,,,,,,,,,,,,,,,,,,,,,,,,,
,,,,,,,,,,,,,,,,,,,,,,,,,
,,,,,,,,,,,,,,,,,,,,,,,,,
,,,,,,,,,,,,,,,,,,,,,,,,,
,,,,,,,,,,,,,,,,,,,,,,,,,
,,,,,,,,,,,,,,,,,,,,,,,,,
,,,,,,,,,,,,,,,,,,,,,,,,,
,,,,,,,,,,,,,,,,,,,,,,,,,
,,,,,,,,,,,,,,,,,,,,,,,,,
,,,,,,,,,,,,,,,,,,,,,,,,,
,,,,,,,,,,,,,,,,,,,,,,,,,
,,,,,,,,,,,,,,,,,,,,,,,,,
,,,,,,,,,,,,,,,,,,,,,,,,,
,,,,,,,,,,,,,,,,,,,,,,,,,
,,,,,,,,,,,,,,,,,,,,,,,,,
,,,,,,,,,,,,,,,,,,,,,,,,,
,,,,,,,,,,,,,,,,,,,,,,,,,
,,,,,,,,,,,,,,,,,,,,,,,,,
,,,,,,,,,,,,,,,,,,,,,,,,,
,,,,,,,,,,,,,,,,,,,,,,,,,
,,,,,,,,,,,,,,,,,,,,,,,,,
,,,,,,,,,,,,,,,,,,,,,,,,,
,,,,,,,,,,,,,,,,,,,,,,,,,
,,,,,,,,,,,,,,,,,,,,,,,,,
,,,,,,,,,,,,,,,,,,,,,,,,,
,,,,,,,,,,,,,,,,,,,,,,,,,
,,,,,,,,,,,,,,,,,,,,,,,,,
,,,,,,,,,,,,,,,,,,,,,,,,,
,,,,,,,,,,,,,,,,,,,,,,,,,
,,,,,,,,,,,,,,,,,,,,,,,,,
,,,,,,,,,,,,,,,,,,,,,,,,,
,,,,,,,,,,,,,,,,,,,,,,,,,
,,,,,,,,,,,,,,,,,,,,,,,,,
,,,,,,,,,,,,,,,,,,,,,,,,,
,,,,,,,,,,,,,,,,,,,,,,,,,
,,,,,,,,,,,,,,,,,,,,,,,,,
,,,,,,,,,,,,,,,,,,,,,,,,,
,,,,,,,,,,,,,,,,,,,,,,,,,
,,,,,,,,,,,,,,,,,,,,,,,,,
,,,,,,,,,,,,,,,,,,,,,,,,,
,,,,,,,,,,,,,,,,,,,,,,,,,
,,,,,,,,,,,,,,,,,,,,,,,,,
,,,,,,,,,,,,,,,,,,,,,,,,,
,,,,,,,,,,,,,,,,,,,,,,,,,
,,,,,,,,,,,,,,,,,,,,,,,,,
,,,,,,,,,,,,,,,,,,,,,,,,,
,,,,,,,,,,,,,,,,,,,,,,,,,
,,,,,,,,,,,,,,,,,,,,,,,,,
,,,,,,,,,,,,,,,,,,,,,,,,,
,,,,,,,,,,,,,,,,,,,,,,,,,
,,,,,,,,,,,,,,,,,,,,,,,,,
,,,,,,,,,,,,,,,,,,,,,,,,,
,,,,,,,,,,,,,,,,,,,,,,,,,
,,,,,,,,,,,,,,,,,,,,,,,,,
,,,,,,,,,,,,,,,,,,,,,,,,,
,,,,,,,,,,,,,,,,,,,,,,,,,
,,,,,,,,,,,,,,,,,,,,,,,,,
,,,,,,,,,,,,,,,,,,,,,,,,,
,,,,,,,,,,,,,,,,,,,,,,,,,
,,,,,,,,,,,,,,,,,,,,,,,,,
,,,,,,,,,,,,,,,,,,,,,,,,,
,,,,,,,,,,,,,,,,,,,,,,,,,
,,,,,,,,,,,,,,,,,,,,,,,,,
,,,,,,,,,,,,,,,,,,,,,,,,,
,,,,,,,,,,,,,,,,,,,,,,,,,
,,,,,,,,,,,,,,,,,,,,,,,,,
,,,,,,,,,,,,,,,,,,,,,,,,,
,,,,,,,,,,,,,,,,,,,,,,,,,
,,,,,,,,,,,,,,,,,,,,,,,,,
,,,,,,,,,,,,,,,,,,,,,,,,,
,,,,,,,,,,,,,,,,,,,,,,,,,
,,,,,,,,,,,,,,,,,,,,,,,,,
,,,,,,,,,,,,,,,,,,,,,,,,,
,,,,,,,,,,,,,,,,,,,,,,,,,
,,,,,,,,,,,,,,,,,,,,,,,,,
,,,,,,,,,,,,,,,,,,,,,,,,,
,,,,,,,,,,,,,,,,,,,,,,,,,
,,,,,,,,,,,,,,,,,,,,,,,,,
,,,,,,,,,,,,,,,,,,,,,,,,,
,,,,,,,,,,,,,,,,,,,,,,,,,
,,,,,,,,,,,,,,,,,,,,,,,,,
,,,,,,,,,,,,,,,,,,,,,,,,,
,,,,,,,,,,,,,,,,,,,,,,,,,
,,,,,,,,,,,,,,,,,,,,,,,,,
,,,,,,,,,,,,,,,,,,,,,,,,,
,,,,,,,,,,,,,,,,,,,,,,,,,
,,,,,,,,,,,,,,,,,,,,,,,,,
,,,,,,,,,,,,,,,,,,,,,,,,,
,,,,,,,,,,,,,,,,,,,,,,,,,
,,,,,,,,,,,,,,,,,,,,,,,,,
,,,,,,,,,,,,,,,,,,,,,,,,,
,,,,,,,,,,,,,,,,,,,,,,,,,
,,,,,,,,,,,,,,,,,,,,,,,,,
,,,,,,,,,,,,,,,,,,,,,,,,,
,,,,,,,,,,,,,,,,,,,,,,,,,
,,,,,,,,,,,,,,,,,,,,,,,,,
,,,,,,,,,,,,,,,,,,,,,,,,,
,,,,,,,,,,,,,,,,,,,,,,,,,
,,,,,,,,,,,,,,,,,,,,,,,,,
,,,,,,,,,,,,,,,,,,,,,,,,,
,,,,,,,,,,,,,,,,,,,,,,,,,
,,,,,,,,,,,,,,,,,,,,,,,,,
,,,,,,,,,,,,,,,,,,,,,,,,,
,,,,,,,,,,,,,,,,,,,,,,,,,
,,,,,,,,,,,,,,,,,,,,,,,,,
,,,,,,,,,,,,,,,,,,,,,,,,,
,,,,,,,,,,,,,,,,,,,,,,,,,
,,,,,,,,,,,,,,,,,,,,,,,,,
,,,,,,,,,,,,,,,,,,,,,,,,,
,,,,,,,,,,,,,,,,,,,,,,,,,
,,,,,,,,,,,,,,,,,,,,,,,,,
,,,,,,,,,,,,,,,,,,,,,,,,,
,,,,,,,,,,,,,,,,,,,,,,,,,
,,,,,,,,,,,,,,,,,,,,,,,,,
,,,,,,,,,,,,,,,,,,,,,,,,,
,,,,,,,,,,,,,,,,,,,,,,,,,
,,,,,,,,,,,,,,,,,,,,,,,,,
,,,,,,,,,,,,,,,,,,,,,,,,,
,,,,,,,,,,,,,,,,,,,,,,,,,
,,,,,,,,,,,,,,,,,,,,,,,,,
,,,,,,,,,,,,,,,,,,,,,,,,,
,,,,,,,,,,,,,,,,,,,,,,,,,
,,,,,,,,,,,,,,,,,,,,,,,,,
,,,,,,,,,,,,,,,,,,,,,,,,,
,,,,,,,,,,,,,,,,,,,,,,,,,
,,,,,,,,,,,,,,,,,,,,,,,,,
,,,,,,,,,,,,,,,,,,,,,,,,,
,,,,,,,,,,,,,,,,,,,,,,,,,
,,,,,,,,,,,,,,,,,,,,,,,,,
,,,,,,,,,,,,,,,,,,,,,,,,,
,,,,,,,,,,,,,,,,,,,,,,,,,
,,,,,,,,,,,,,,,,,,,,,,,,,
,,,,,,,,,,,,,,,,,,,,,,,,,
,,,,,,,,,,,,,,,,,,,,,,,,,
,,,,,,,,,,,,,,,,,,,,,,,,,
,,,,,,,,,,,,,,,,,,,,,,,,,
,,,,,,,,,,,,,,,,,,,,,,,,,
,,,,,,,,,,,,,,,,,,,,,,,,,
,,,,,,,,,,,,,,,,,,,,,,,,,
,,,,,,,,,,,,,,,,,,,,,,,,,
,,,,,,,,,,,,,,,,,,,,,,,,,
,,,,,,,,,,,,,,,,,,,,,,,,,
,,,,,,,,,,,,,,,,,,,,,,,,,
,,,,,,,,,,,,,,,,,,,,,,,,,
,,,,,,,,,,,,,,,,,,,,,,,,,
,,,,,,,,,,,,,,,,,,,,,,,,,
,,,,,,,,,,,,,,,,,,,,,,,,,
,,,,,,,,,,,,,,,,,,,,,,,,,
,,,,,,,,,,,,,,,,,,,,,,,,,
,,,,,,,,,,,,,,,,,,,,,,,,,
,,,,,,,,,,,,,,,,,,,,,,,,,
,,,,,,,,,,,,,,,,,,,,,,,,,
,,,,,,,,,,,,,,,,,,,,,,,,,
,,,,,,,,,,,,,,,,,,,,,,,,,
,,,,,,,,,,,,,,,,,,,,,,,,,
,,,,,,,,,,,,,,,,,,,,,,,,,
,,,,,,,,,,,,,,,,,,,,,,,,,
,,,,,,,,,,,,,,,,,,,,,,,,,
,,,,,,,,,,,,,,,,,,,,,,,,,
,,,,,,,,,,,,,,,,,,,,,,,,,
,,,,,,,,,,,,,,,,,,,,,,,,,
,,,,,,,,,,,,,,,,,,,,,,,,,
,,,,,,,,,,,,,,,,,,,,,,,,,
,,,,,,,,,,,,,,,,,,,,,,,,,
,,,,,,,,,,,,,,,,,,,,,,,,,
,,,,,,,,,,,,,,,,,,,,,,,,,
,,,,,,,,,,,,,,,,,,,,,,,,,
,,,,,,,,,,,,,,,,,,,,,,,,,
,,,,,,,,,,,,,,,,,,,,,,,,,
,,,,,,,,,,,,,,,,,,,,,,,,,
,,,,,,,,,,,,,,,,,,,,,,,,,
,,,,,,,,,,,,,,,,,,,,,,,,,
,,,,,,,,,,,,,,,,,,,,,,,,,
,,,,,,,,,,,,,,,,,,,,,,,,,
,,,,,,,,,,,,,,,,,,,,,,,,,
,,,,,,,,,,,,,,,,,,,,,,,,,
,,,,,,,,,,,,,,,,,,,,,,,,,
,,,,,,,,,,,,,,,,,,,,,,,,,
,,,,,,,,,,,,,,,,,,,,,,,,,
,,,,,,,,,,,,,,,,,,,,,,,,,
,,,,,,,,,,,,,,,,,,,,,,,,,
,,,,,,,,,,,,,,,,,,,,,,,,,
,,,,,,,,,,,,,,,,,,,,,,,,,
,,,,,,,,,,,,,,,,,,,,,,,,,
,,,,,,,,,,,,,,,,,,,,,,,,,
,,,,,,,,,,,,,,,,,,,,,,,,,
,,,,,,,,,,,,,,,,,,,,,,,,,
,,,,,,,,,,,,,,,,,,,,,,,,,
,,,,,,,,,,,,,,,,,,,,,,,,,
,,,,,,,,,,,,,,,,,,,,,,,,,
,,,,,,,,,,,,,,,,,,,,,,,,,
,,,,,,,,,,,,,,,,,,,,,,,,,
,,,,,,,,,,,,,,,,,,,,,,,,,
,,,,,,,,,,,,,,,,,,,,,,,,,
,,,,,,,,,,,,,,,,,,,,,,,,,
,,,,,,,,,,,,,,,,,,,,,,,,,
,,,,,,,,,,,,,,,,,,,,,,,,,
,,,,,,,,,,,,,,,,,,,,,,,,,
,,,,,,,,,,,,,,,,,,,,,,,,,
,,,,,,,,,,,,,,,,,,,,,,,,,
,,,,,,,,,,,,,,,,,,,,,,,,,
,,,,,,,,,,,,,,,,,,,,,,,,,
,,,,,,,,,,,,,,,,,,,,,,,,,
,,,,,,,,,,,,,,,,,,,,,,,,,
,,,,,,,,,,,,,,,,,,,,,,,,,
,,,,,,,,,,,,,,,,,,,,,,,,,
,,,,,,,,,,,,,,,,,,,,,,,,,
,,,,,,,,,,,,,,,,,,,,,,,,,
,,,,,,,,,,,,,,,,,,,,,,,,,
,,,,,,,,,,,,,,,,,,,,,,,,,
,,,,,,,,,,,,,,,,,,,,,,,,,
,,,,,,,,,,,,,,,,,,,,,,,,,
,,,,,,,,,,,,,,,,,,,,,,,,,
,,,,,,,,,,,,,,,,,,,,,,,,,
,,,,,,,,,,,,,,,,,,,,,,,,,
,,,,,,,,,,,,,,,,,,,,,,,,,
,,,,,,,,,,,,,,,,,,,,,,,,,
,,,,,,,,,,,,,,,,,,,,,,,,,
,,,,,,,,,,,,,,,,,,,,,,,,,
,,,,,,,,,,,,,,,,,,,,,,,,,
,,,,,,,,,,,,,,,,,,,,,,,,,
,,,,,,,,,,,,,,,,,,,,,,,,,
,,,,,,,,,,,,,,,,,,,,,,,,,
,,,,,,,,,,,,,,,,,,,,,,,,,
,,,,,,,,,,,,,,,,,,,,,,,,,
,,,,,,,,,,,,,,,,,,,,,,,,,
,,,,,,,,,,,,,,,,,,,,,,,,,
,,,,,,,,,,,,,,,,,,,,,,,,,
,,,,,,,,,,,,,,,,,,,,,,,,,
,,,,,,,,,,,,,,,,,,,,,,,,,
,,,,,,,,,,,,,,,,,,,,,,,,,
,,,,,,,,,,,,,,,,,,,,,,,,,
,,,,,,,,,,,,,,,,,,,,,,,,,
,,,,,,,,,,,,,,,,,,,,,,,,,
,,,,,,,,,,,,,,,,,,,,,,,,,
,,,,,,,,,,,,,,,,,,,,,,,,,
,,,,,,,,,,,,,,,,,,,,,,,,,
,,,,,,,,,,,,,,,,,,,,,,,,,
,,,,,,,,,,,,,,,,,,,,,,,,,
,,,,,,,,,,,,,,,,,,,,,,,,,
,,,,,,,,,,,,,,,,,,,,,,,,,
,,,,,,,,,,,,,,,,,,,,,,,,,
,,,,,,,,,,,,,,,,,,,,,,,,,
,,,,,,,,,,,,,,,,,,,,,,,,,
,,,,,,,,,,,,,,,,,,,,,,,,,
,,,,,,,,,,,,,,,,,,,,,,,,,
,,,,,,,,,,,,,,,,,,,,,,,,,
,,,,,,,,,,,,,,,,,,,,,,,,,
,,,,,,,,,,,,,,,,,,,,,,,,,
,,,,,,,,,,,,,,,,,,,,,,,,,
,,,,,,,,,,,,,,,,,,,,,,,,,
,,,,,,,,,,,,,,,,,,,,,,,,,
,,,,,,,,,,,,,,,,,,,,,,,,,
,,,,,,,,,,,,,,,,,,,,,,,,,
,,,,,,,,,,,,,,,,,,,,,,,,,
,,,,,,,,,,,,,,,,,,,,,,,,,
,,,,,,,,,,,,,,,,,,,,,,,,,
,,,,,,,,,,,,,,,,,,,,,,,,,
,,,,,,,,,,,,,,,,,,,,,,,,,
,,,,,,,,,,,,,,,,,,,,,,,,,
,,,,,,,,,,,,,,,,,,,,,,,,,
,,,,,,,,,,,,,,,,,,,,,,,,,
,,,,,,,,,,,,,,,,,,,,,,,,,
,,,,,,,,,,,,,,,,,,,,,,,,,
,,,,,,,,,,,,,,,,,,,,,,,,,
,,,,,,,,,,,,,,,,,,,,,,,,,
,,,,,,,,,,,,,,,,,,,,,,,,,
,,,,,,,,,,,,,,,,,,,,,,,,,
,,,,,,,,,,,,,,,,,,,,,,,,,
,,,,,,,,,,,,,,,,,,,,,,,,,
,,,,,,,,,,,,,,,,,,,,,,,,,
,,,,,,,,,,,,,,,,,,,,,,,,,
,,,,,,,,,,,,,,,,,,,,,,,,,
,,,,,,,,,,,,,,,,,,,,,,,,,
,,,,,,,,,,,,,,,,,,,,,,,,,
,,,,,,,,,,,,,,,,,,,,,,,,,
,,,,,,,,,,,,,,,,,,,,,,,,,
,,,,,,,,,,,,,,,,,,,,,,,,,
,,,,,,,,,,,,,,,,,,,,,,,,,
,,,,,,,,,,,,,,,,,,,,,,,,,
,,,,,,,,,,,,,,,,,,,,,,,,,
,,,,,,,,,,,,,,,,,,,,,,,,,
,,,,,,,,,,,,,,,,,,,,,,,,,
,,,,,,,,,,,,,,,,,,,,,,,,,
,,,,,,,,,,,,,,,,,,,,,,,,,
,,,,,,,,,,,,,,,,,,,,,,,,,
,,,,,,,,,,,,,,,,,,,,,,,,,
,,,,,,,,,,,,,,,,,,,,,,,,,
,,,,,,,,,,,,,,,,,,,,,,,,,
,,,,,,,,,,,,,,,,,,,,,,,,,
,,,,,,,,,,,,,,,,,,,,,,,,,
,,,,,,,,,,,,,,,,,,,,,,,,,
,,,,,,,,,,,,,,,,,,,,,,,,,
,,,,,,,,,,,,,,,,,,,,,,,,,
,,,,,,,,,,,,,,,,,,,,,,,,,
,,,,,,,,,,,,,,,,,,,,,,,,,
,,,,,,,,,,,,,,,,,,,,,,,,,
,,,,,,,,,,,,,,,,,,,,,,,,,
,,,,,,,,,,,,,,,,,,,,,,,,,
,,,,,,,,,,,,,,,,,,,,,,,,,
,,,,,,,,,,,,,,,,,,,,,,,,,
,,,,,,,,,,,,,,,,,,,,,,,,,
,,,,,,,,,,,,,,,,,,,,,,,,,
,,,,,,,,,,,,,,,,,,,,,,,,,
,,,,,,,,,,,,,,,,,,,,,,,,,
,,,,,,,,,,,,,,,,,,,,,,,,,
,,,,,,,,,,,,,,,,,,,,,,,,,
,,,,,,,,,,,,,,,,,,,,,,,,,
,,,,,,,,,,,,,,,,,,,,,,,,,
,,,,,,,,,,,,,,,,,,,,,,,,,
,,,,,,,,,,,,,,,,,,,,,,,,,
,,,,,,,,,,,,,,,,,,,,,,,,,
,,,,,,,,,,,,,,,,,,,,,,,,,
,,,,,,,,,,,,,,,,,,,,,,,,,
,,,,,,,,,,,,,,,,,,,,,,,,,
,,,,,,,,,,,,,,,,,,,,,,,,,
,,,,,,,,,,,,,,,,,,,,,,,,,
,,,,,,,,,,,,,,,,,,,,,,,,,
,,,,,,,,,,,,,,,,,,,,,,,,,
,,,,,,,,,,,,,,,,,,,,,,,,,
,,,,,,,,,,,,,,,,,,,,,,,,,
,,,,,,,,,,,,,,,,,,,,,,,,,
,,,,,,,,,,,,,,,,,,,,,,,,,
,,,,,,,,,,,,,,,,,,,,,,,,,
,,,,,,,,,,,,,,,,,,,,,,,,,
,,,,,,,,,,,,,,,,,,,,,,,,,
,,,,,,,,,,,,,,,,,,,,,,,,,
,,,,,,,,,,,,,,,,,,,,,,,,,
,,,,,,,,,,,,,,,,,,,,,,,,,
,,,,,,,,,,,,,,,,,,,,,,,,,
,,,,,,,,,,,,,,,,,,,,,,,,,
,,,,,,,,,,,,,,,,,,,,,,,,,
,,,,,,,,,,,,,,,,,,,,,,,,,
,,,,,,,,,,,,,,,,,,,,,,,,,
,,,,,,,,,,,,,,,,,,,,,,,,,
,,,,,,,,,,,,,,,,,,,,,,,,,
,,,,,,,,,,,,,,,,,,,,,,,,,
,,,,,,,,,,,,,,,,,,,,,,,,,
,,,,,,,,,,,,,,,,,,,,,,,,,
,,,,,,,,,,,,,,,,,,,,,,,,,
,,,,,,,,,,,,,,,,,,,,,,,,,
,,,,,,,,,,,,,,,,,,,,,,,,,
,,,,,,,,,,,,,,,,,,,,,,,,,
,,,,,,,,,,,,,,,,,,,,,,,,,
,,,,,,,,,,,,,,,,,,,,,,,,,
,,,,,,,,,,,,,,,,,,,,,,,,,
,,,,,,,,,,,,,,,,,,,,,,,,,
,,,,,,,,,,,,,,,,,,,,,,,,,
,,,,,,,,,,,,,,,,,,,,,,,,,
,,,,,,,,,,,,,,,,,,,,,,,,,
,,,,,,,,,,,,,,,,,,,,,,,,,
,,,,,,,,,,,,,,,,,,,,,,,,,
,,,,,,,,,,,,,,,,,,,,,,,,,
,,,,,,,,,,,,,,,,,,,,,,,,,
,,,,,,,,,,,,,,,,,,,,,,,,,
,,,,,,,,,,,,,,,,,,,,,,,,,
,,,,,,,,,,,,,,,,,,,,,,,,,
,,,,,,,,,,,,,,,,,,,,,,,,,
,,,,,,,,,,,,,,,,,,,,,,,,,
,,,,,,,,,,,,,,,,,,,,,,,,,
,,,,,,,,,,,,,,,,,,,,,,,,,
,,,,,,,,,,,,,,,,,,,,,,,,,
,,,,,,,,,,,,,,,,,,,,,,,,,
,,,,,,,,,,,,,,,,,,,,,,,,,
,,,,,,,,,,,,,,,,,,,,,,,,,
,,,,,,,,,,,,,,,,,,,,,,,,,
,,,,,,,,,,,,,,,,,,,,,,,,,
,,,,,,,,,,,,,,,,,,,,,,,,,
,,,,,,,,,,,,,,,,,,,,,,,,,
,,,,,,,,,,,,,,,,,,,,,,,,,
,,,,,,,,,,,,,,,,,,,,,,,,,
,,,,,,,,,,,,,,,,,,,,,,,,,
,,,,,,,,,,,,,,,,,,,,,,,,,
,,,,,,,,,,,,,,,,,,,,,,,,,
,,,,,,,,,,,,,,,,,,,,,,,,,
,,,,,,,,,,,,,,,,,,,,,,,,,
,,,,,,,,,,,,,,,,,,,,,,,,,
,,,,,,,,,,,,,,,,,,,,,,,,,
,,,,,,,,,,,,,,,,,,,,,,,,,
,,,,,,,,,,,,,,,,,,,,,,,,,
,,,,,,,,,,,,,,,,,,,,,,,,,
,,,,,,,,,,,,,,,,,,,,,,,,,
,,,,,,,,,,,,,,,,,,,,,,,,,
,,,,,,,,,,,,,,,,,,,,,,,,,
,,,,,,,,,,,,,,,,,,,,,,,,,
,,,,,,,,,,,,,,,,,,,,,,,,,
,,,,,,,,,,,,,,,,,,,,,,,,,
,,,,,,,,,,,,,,,,,,,,,,,,,
,,,,,,,,,,,,,,,,,,,,,,,,,
,,,,,,,,,,,,,,,,,,,,,,,,,
,,,,,,,,,,,,,,,,,,,,,,,,,
,,,,,,,,,,,,,,,,,,,,,,,,,
,,,,,,,,,,,,,,,,,,,,,,,,,
,,,,,,,,,,,,,,,,,,,,,,,,,
,,,,,,,,,,,,,,,,,,,,,,,,,
,,,,,,,,,,,,,,,,,,,,,,,,,
,,,,,,,,,,,,,,,,,,,,,,,,,
,,,,,,,,,,,,,,,,,,,,,,,,,
,,,,,,,,,,,,,,,,,,,,,,,,,
,,,,,,,,,,,,,,,,,,,,,,,,,
,,,,,,,,,,,,,,,,,,,,,,,,,
,,,,,,,,,,,,,,,,,,,,,,,,,
,,,,,,,,,,,,,,,,,,,,,,,,,
,,,,,,,,,,,,,,,,,,,,,,,,,
,,,,,,,,,,,,,,,,,,,,,,,,,
,,,,,,,,,,,,,,,,,,,,,,,,,
,,,,,,,,,,,,,,,,,,,,,,,,,
,,,,,,,,,,,,,,,,,,,,,,,,,
,,,,,,,,,,,,,,,,,,,,,,,,,
,,,,,,,,,,,,,,,,,,,,,,,,,
,,,,,,,,,,,,,,,,,,,,,,,,,
,,,,,,,,,,,,,,,,,,,,,,,,,
,,,,,,,,,,,,,,,,,,,,,,,,,
,,,,,,,,,,,,,,,,,,,,,,,,,
,,,,,,,,,,,,,,,,,,,,,,,,,
,,,,,,,,,,,,,,,,,,,,,,,,,
,,,,,,,,,,,,,,,,,,,,,,,,,
,,,,,,,,,,,,,,,,,,,,,,,,,
,,,,,,,,,,,,,,,,,,,,,,,,,
,,,,,,,,,,,,,,,,,,,,,,,,,
,,,,,,,,,,,,,,,,,,,,,,,,,
,,,,,,,,,,,,,,,,,,,,,,,,,
,,,,,,,,,,,,,,,,,,,,,,,,,
,,,,,,,,,,,,,,,,,,,,,,,,,
,,,,,,,,,,,,,,,,,,,,,,,,,
,,,,,,,,,,,,,,,,,,,,,,,,,
,,,,,,,,,,,,,,,,,,,,,,,,,
,,,,,,,,,,,,,,,,,,,,,,,,,
,,,,,,,,,,,,,,,,,,,,,,,,,
,,,,,,,,,,,,,,,,,,,,,,,,,
,,,,,,,,,,,,,,,,,,,,,,,,,
,,,,,,,,,,,,,,,,,,,,,,,,,
,,,,,,,,,,,,,,,,,,,,,,,,,
,,,,,,,,,,,,,,,,,,,,,,,,,
,,,,,,,,,,,,,,,,,,,,,,,,,
,,,,,,,,,,,,,,,,,,,,,,,,,
,,,,,,,,,,,,,,,,,,,,,,,,,
,,,,,,,,,,,,,,,,,,,,,,,,,
,,,,,,,,,,,,,,,,,,,,,,,,,
,,,,,,,,,,,,,,,,,,,,,,,,,
,,,,,,,,,,,,,,,,,,,,,,,,,
,,,,,,,,,,,,,,,,,,,,,,,,,
,,,,,,,,,,,,,,,,,,,,,,,,,
,,,,,,,,,,,,,,,,,,,,,,,,,
,,,,,,,,,,,,,,,,,,,,,,,,,
,,,,,,,,,,,,,,,,,,,,,,,,,
,,,,,,,,,,,,,,,,,,,,,,,,,
,,,,,,,,,,,,,,,,,,,,,,,,,
,,,,,,,,,,,,,,,,,,,,,,,,,
,,,,,,,,,,,,,,,,,,,,,,,,,
,,,,,,,,,,,,,,,,,,,,,,,,,
,,,,,,,,,,,,,,,,,,,,,,,,,
,,,,,,,,,,,,,,,,,,,,,,,,,
,,,,,,,,,,,,,,,,,,,,,,,,,
,,,,,,,,,,,,,,,,,,,,,,,,,
,,,,,,,,,,,,,,,,,,,,,,,,,
,,,,,,,,,,,,,,,,,,,,,,,,,
,,,,,,,,,,,,,,,,,,,,,,,,,
,,,,,,,,,,,,,,,,,,,,,,,,,
,,,,,,,,,,,,,,,,,,,,,,,,,
,,,,,,,,,,,,,,,,,,,,,,,,,
,,,,,,,,,,,,,,,,,,,,,,,,,
,,,,,,,,,,,,,,,,,,,,,,,,,
,,,,,,,,,,,,,,,,,,,,,,,,,
,,,,,,,,,,,,,,,,,,,,,,,,,
,,,,,,,,,,,,,,,,,,,,,,,,,
,,,,,,,,,,,,,,,,,,,,,,,,,
,,,,,,,,,,,,,,,,,,,,,,,,,
,,,,,,,,,,,,,,,,,,,,,,,,,
,,,,,,,,,,,,,,,,,,,,,,,,,
,,,,,,,,,,,,,,,,,,,,,,,,,
,,,,,,,,,,,,,,,,,,,,,,,,,
,,,,,,,,,,,,,,,,,,,,,,,,,
,,,,,,,,,,,,,,,,,,,,,,,,,
,,,,,,,,,,,,,,,,,,,,,,,,,
,,,,,,,,,,,,,,,,,,,,,,,,,
,,,,,,,,,,,,,,,,,,,,,,,,,
,,,,,,,,,,,,,,,,,,,,,,,,,
,,,,,,,,,,,,,,,,,,,,,,,,,
,,,,,,,,,,,,,,,,,,,,,,,,,
,,,,,,,,,,,,,,,,,,,,,,,,,
,,,,,,,,,,,,,,,,,,,,,,,,,
,,,,,,,,,,,,,,,,,,,,,,,,,
,,,,,,,,,,,,,,,,,,,,,,,,,
,,,,,,,,,,,,,,,,,,,,,,,,,
,,,,,,,,,,,,,,,,,,,,,,,,,
,,,,,,,,,,,,,,,,,,,,,,,,,
,,,,,,,,,,,,,,,,,,,,,,,,,
,,,,,,,,,,,,,,,,,,,,,,,,,
,,,,,,,,,,,,,,,,,,,,,,,,,
,,,,,,,,,,,,,,,,,,,,,,,,,
,,,,,,,,,,,,,,,,,,,,,,,,,
,,,,,,,,,,,,,,,,,,,,,,,,,
,,,,,,,,,,,,,,,,,,,,,,,,,
,,,,,,,,,,,,,,,,,,,,,,,,,
,,,,,,,,,,,,,,,,,,,,,,,,,
,,,,,,,,,,,,,,,,,,,,,,,,,
,,,,,,,,,,,,,,,,,,,,,,,,,
,,,,,,,,,,,,,,,,,,,,,,,,,
,,,,,,,,,,,,,,,,,,,,,,,,,
,,,,,,,,,,,,,,,,,,,,,,,,,
,,,,,,,,,,,,,,,,,,,,,,,,,
,,,,,,,,,,,,,,,,,,,,,,,,,
,,,,,,,,,,,,,,,,,,,,,,,,,
,,,,,,,,,,,,,,,,,,,,,,,,,
,,,,,,,,,,,,,,,,,,,,,,,,,
,,,,,,,,,,,,,,,,,,,,,,,,,
,,,,,,,,,,,,,,,,,,,,,,,,,
,,,,,,,,,,,,,,,,,,,,,,,,,
,,,,,,,,,,,,,,,,,,,,,,,,,
,,,,,,,,,,,,,,,,,,,,,,,,,
,,,,,,,,,,,,,,,,,,,,,,,,,
,,,,,,,,,,,,,,,,,,,,,,,,,
,,,,,,,,,,,,,,,,,,,,,,,,,
,,,,,,,,,,,,,,,,,,,,,,,,,
,,,,,,,,,,,,,,,,,,,,,,,,,
,,,,,,,,,,,,,,,,,,,,,,,,,
,,,,,,,,,,,,,,,,,,,,,,,,,
,,,,,,,,,,,,,,,,,,,,,,,,,
,,,,,,,,,,,,,,,,,,,,,,,,,
,,,,,,,,,,,,,,,,,,,,,,,,,
,,,,,,,,,,,,,,,,,,,,,,,,,
,,,,,,,,,,,,,,,,,,,,,,,,,
,,,,,,,,,,,,,,,,,,,,,,,,,
,,,,,,,,,,,,,,,,,,,,,,,,,
,,,,,,,,,,,,,,,,,,,,,,,,,
,,,,,,,,,,,,,,,,,,,,,,,,,
,,,,,,,,,,,,,,,,,,,,,,,,,
,,,,,,,,,,,,,,,,,,,,,,,,,
,,,,,,,,,,,,,,,,,,,,,,,,,
,,,,,,,,,,,,,,,,,,,,,,,,,
,,,,,,,,,,,,,,,,,,,,,,,,,
,,,,,,,,,,,,,,,,,,,,,,,,,
,,,,,,,,,,,,,,,,,,,,,,,,,
,,,,,,,,,,,,,,,,,,,,,,,,,
,,,,,,,,,,,,,,,,,,,,,,,,,
,,,,,,,,,,,,,,,,,,,,,,,,,
,,,,,,,,,,,,,,,,,,,,,,,,,
,,,,,,,,,,,,,,,,,,,,,,,,,
,,,,,,,,,,,,,,,,,,,,,,,,,
,,,,,,,,,,,,,,,,,,,,,,,,,
,,,,,,,,,,,,,,,,,,,,,,,,,
,,,,,,,,,,,,,,,,,,,,,,,,,
,,,,,,,,,,,,,,,,,,,,,,,,,
,,,,,,,,,,,,,,,,,,,,,,,,,
,,,,,,,,,,,,,,,,,,,,,,,,,
,,,,,,,,,,,,,,,,,,,,,,,,,
,,,,,,,,,,,,,,,,,,,,,,,,,
,,,,,,,,,,,,,,,,,,,,,,,,,
,,,,,,,,,,,,,,,,,,,,,,,,,
,,,,,,,,,,,,,,,,,,,,,,,,,
,,,,,,,,,,,,,,,,,,,,,,,,,
,,,,,,,,,,,,,,,,,,,,,,,,,
,,,,,,,,,,,,,,,,,,,,,,,,,
,,,,,,,,,,,,,,,,,,,,,,,,,
,,,,,,,,,,,,,,,,,,,,,,,,,
,,,,,,,,,,,,,,,,,,,,,,,,,
,,,,,,,,,,,,,,,,,,,,,,,,,
,,,,,,,,,,,,,,,,,,,,,,,,,
,,,,,,,,,,,,,,,,,,,,,,,,,
,,,,,,,,,,,,,,,,,,,,,,,,,
,,,,,,,,,,,,,,,,,,,,,,,,,
,,,,,,,,,,,,,,,,,,,,,,,,,
,,,,,,,,,,,,,,,,,,,,,,,,,
,,,,,,,,,,,,,,,,,,,,,,,,,
,,,,,,,,,,,,,,,,,,,,,,,,,
,,,,,,,,,,,,,,,,,,,,,,,,,
,,,,,,,,,,,,,,,,,,,,,,,,,
,,,,,,,,,,,,,,,,,,,,,,,,,
,,,,,,,,,,,,,,,,,,,,,,,,,
,,,,,,,,,,,,,,,,,,,,,,,,,
,,,,,,,,,,,,,,,,,,,,,,,,,
,,,,,,,,,,,,,,,,,,,,,,,,,
,,,,,,,,,,,,,,,,,,,,,,,,,
,,,,,,,,,,,,,,,,,,,,,,,,,
,,,,,,,,,,,,,,,,,,,,,,,,,
,,,,,,,,,,,,,,,,,,,,,,,,,
,,,,,,,,,,,,,,,,,,,,,,,,,
,,,,,,,,,,,,,,,,,,,,,,,,,
,,,,,,,,,,,,,,,,,,,,,,,,,
,,,,,,,,,,,,,,,,,,,,,,,,,
,,,,,,,,,,,,,,,,,,,,,,,,,
,,,,,,,,,,,,,,,,,,,,,,,,,
,,,,,,,,,,,,,,,,,,,,,,,,,
,,,,,,,,,,,,,,,,,,,,,,,,,
,,,,,,,,,,,,,,,,,,,,,,,,,
,,,,,,,,,,,,,,,,,,,,,,,,,
,,,,,,,,,,,,,,,,,,,,,,,,,
,,,,,,,,,,,,,,,,,,,,,,,,,
,,,,,,,,,,,,,,,,,,,,,,,,,
,,,,,,,,,,,,,,,,,,,,,,,,,
,,,,,,,,,,,,,,,,,,,,,,,,,
,,,,,,,,,,,,,,,,,,,,,,,,,
,,,,,,,,,,,,,,,,,,,,,,,,,
,,,,,,,,,,,,,,,,,,,,,,,,,
,,,,,,,,,,,,,,,,,,,,,,,,,
,,,,,,,,,,,,,,,,,,,,,,,,,
,,,,,,,,,,,,,,,,,,,,,,,,,
,,,,,,,,,,,,,,,,,,,,,,,,,
,,,,,,,,,,,,,,,,,,,,,,,,,
,,,,,,,,,,,,,,,,,,,,,,,,,
,,,,,,,,,,,,,,,,,,,,,,,,,
,,,,,,,,,,,,,,,,,,,,,,,,,
,,,,,,,,,,,,,,,,,,,,,,,,,
,,,,,,,,,,,,,,,,,,,,,,,,,
,,,,,,,,,,,,,,,,,,,,,,,,,
,,,,,,,,,,,,,,,,,,,,,,,,,
,,,,,,,,,,,,,,,,,,,,,,,,,
,,,,,,,,,,,,,,,,,,,,,,,,,
,,,,,,,,,,,,,,,,,,,,,,,,,
,,,,,,,,,,,,,,,,,,,,,,,,,
,,,,,,,,,,,,,,,,,,,,,,,,,
,,,,,,,,,,,,,,,,,,,,,,,,,
,,,,,,,,,,,,,,,,,,,,,,,,,
,,,,,,,,,,,,,,,,,,,,,,,,,
,,,,,,,,,,,,,,,,,,,,,,,,,
,,,,,,,,,,,,,,,,,,,,,,,,,
,,,,,,,,,,,,,,,,,,,,,,,,,
,,,,,,,,,,,,,,,,,,,,,,,,,
,,,,,,,,,,,,,,,,,,,,,,,,,
,,,,,,,,,,,,,,,,,,,,,,,,,
,,,,,,,,,,,,,,,,,,,,,,,,,
,,,,,,,,,,,,,,,,,,,,,,,,,
,,,,,,,,,,,,,,,,,,,,,,,,,
,,,,,,,,,,,,,,,,,,,,,,,,,
,,,,,,,,,,,,,,,,,,,,,,,,,
,,,,,,,,,,,,,,,,,,,,,,,,,
,,,,,,,,,,,,,,,,,,,,,,,,,
,,,,,,,,,,,,,,,,,,,,,,,,,
,,,,,,,,,,,,,,,,,,,,,,,,,
,,,,,,,,,,,,,,,,,,,,,,,,,
,,,,,,,,,,,,,,,,,,,,,,,,,
,,,,,,,,,,,,,,,,,,,,,,,,,
,,,,,,,,,,,,,,,,,,,,,,,,,
,,,,,,,,,,,,,,,,,,,,,,,,,
,,,,,,,,,,,,,,,,,,,,,,,,,
,,,,,,,,,,,,,,,,,,,,,,,,,
,,,,,,,,,,,,,,,,,,,,,,,,,
,,,,,,,,,,,,,,,,,,,,,,,,,
,,,,,,,,,,,,,,,,,,,,,,,,,
,,,,,,,,,,,,,,,,,,,,,,,,,
,,,,,,,,,,,,,,,,,,,,,,,,,
,,,,,,,,,,,,,,,,,,,,,,,,,
,,,,,,,,,,,,,,,,,,,,,,,,,
,,,,,,,,,,,,,,,,,,,,,,,,,
,,,,,,,,,,,,,,,,,,,,,,,,,
,,,,,,,,,,,,,,,,,,,,,,,,,
,,,,,,,,,,,,,,,,,,,,,,,,,
,,,,,,,,,,,,,,,,,,,,,,,,,
,,,,,,,,,,,,,,,,,,,,,,,,,
,,,,,,,,,,,,,,,,,,,,,,,,,
,,,,,,,,,,,,,,,,,,,,,,,,,
,,,,,,,,,,,,,,,,,,,,,,,,,
,,,,,,,,,,,,,,,,,,,,,,,,,
,,,,,,,,,,,,,,,,,,,,,,,,,
,,,,,,,,,,,,,,,,,,,,,,,,,
,,,,,,,,,,,,,,,,,,,,,,,,,
,,,,,,,,,,,,,,,,,,,,,,,,,
,,,,,,,,,,,,,,,,,,,,,,,,,
,,,,,,,,,,,,,,,,,,,,,,,,,
,,,,,,,,,,,,,,,,,,,,,,,,,
,,,,,,,,,,,,,,,,,,,,,,,,,
,,,,,,,,,,,,,,,,,,,,,,,,,
,,,,,,,,,,,,,,,,,,,,,,,,,
,,,,,,,,,,,,,,,,,,,,,,,,,
,,,,,,,,,,,,,,,,,,,,,,,,,
,,,,,,,,,,,,,,,,,,,,,,,,,
,,,,,,,,,,,,,,,,,,,,,,,,,
,,,,,,,,,,,,,,,,,,,,,,,,,
,,,,,,,,,,,,,,,,,,,,,,,,,
,,,,,,,,,,,,,,,,,,,,,,,,,
,,,,,,,,,,,,,,,,,,,,,,,,,
,,,,,,,,,,,,,,,,,,,,,,,,,
,,,,,,,,,,,,,,,,,,,,,,,,,
,,,,,,,,,,,,,,,,,,,,,,,,,
,,,,,,,,,,,,,,,,,,,,,,,,,
,,,,,,,,,,,,,,,,,,,,,,,,,
,,,,,,,,,,,,,,,,,,,,,,,,,
,,,,,,,,,,,,,,,,,,,,,,,,,
,,,,,,,,,,,,,,,,,,,,,,,,,
,,,,,,,,,,,,,,,,,,,,,,,,,
,,,,,,,,,,,,,,,,,,,,,,,,,
,,,,,,,,,,,,,,,,,,,,,,,,,
,,,,,,,,,,,,,,,,,,,,,,,,,
,,,,,,,,,,,,,,,,,,,,,,,,,
,,,,,,,,,,,,,,,,,,,,,,,,,
,,,,,,,,,,,,,,,,,,,,,,,,,
,,,,,,,,,,,,,,,,,,,,,,,,,
,,,,,,,,,,,,,,,,,,,,,,,,,
,,,,,,,,,,,,,,,,,,,,,,,,,
,,,,,,,,,,,,,,,,,,,,,,,,,
,,,,,,,,,,,,,,,,,,,,,,,,,
,,,,,,,,,,,,,,,,,,,,,,,,,
,,,,,,,,,,,,,,,,,,,,,,,,,
,,,,,,,,,,,,,,,,,,,,,,,,,
,,,,,,,,,,,,,,,,,,,,,,,,,
,,,,,,,,,,,,,,,,,,,,,,,,,
,,,,,,,,,,,,,,,,,,,,,,,,,
,,,,,,,,,,,,,,,,,,,,,,,,,
,,,,,,,,,,,,,,,,,,,,,,,,,
,,,,,,,,,,,,,,,,,,,,,,,,,
,,,,,,,,,,,,,,,,,,,,,,,,,
,,,,,,,,,,,,,,,,,,,,,,,,,
,,,,,,,,,,,,,,,,,,,,,,,,,
,,,,,,,,,,,,,,,,,,,,,,,,,
,,,,,,,,,,,,,,,,,,,,,,,,,
,,,,,,,,,,,,,,,,,,,,,,,,,
,,,,,,,,,,,,,,,,,,,,,,,,,
,,,,,,,,,,,,,,,,,,,,,,,,,
,,,,,,,,,,,,,,,,,,,,,,,,,
,,,,,,,,,,,,,,,,,,,,,,,,,
,,,,,,,,,,,,,,,,,,,,,,,,,
,,,,,,,,,,,,,,,,,,,,,,,,,
,,,,,,,,,,,,,,,,,,,,,,,,,
,,,,,,,,,,,,,,,,,,,,,,,,,
,,,,,,,,,,,,,,,,,,,,,,,,,
,,,,,,,,,,,,,,,,,,,,,,,,,
,,,,,,,,,,,,,,,,,,,,,,,,,
,,,,,,,,,,,,,,,,,,,,,,,,,
,,,,,,,,,,,,,,,,,,,,,,,,,
,,,,,,,,,,,,,,,,,,,,,,,,,
,,,,,,,,,,,,,,,,,,,,,,,,,
,,,,,,,,,,,,,,,,,,,,,,,,,
,,,,,,,,,,,,,,,,,,,,,,,,,
,,,,,,,,,,,,,,,,,,,,,,,,,
,,,,,,,,,,,,,,,,,,,,,,,,,
,,,,,,,,,,,,,,,,,,,,,,,,,
,,,,,,,,,,,,,,,,,,,,,,,,,
,,,,,,,,,,,,,,,,,,,,,,,,,
,,,,,,,,,,,,,,,,,,,,,,,,,
,,,,,,,,,,,,,,,,,,,,,,,,,
,,,,,,,,,,,,,,,,,,,,,,,,,
,,,,,,,,,,,,,,,,,,,,,,,,,
,,,,,,,,,,,,,,,,,,,,,,,,,
,,,,,,,,,,,,,,,,,,,,,,,,,
,,,,,,,,,,,,,,,,,,,,,,,,,
,,,,,,,,,,,,,,,,,,,,,,,,,
,,,,,,,,,,,,,,,,,,,,,,,,,
,,,,,,,,,,,,,,,,,,,,,,,,,
,,,,,,,,,,,,,,,,,,,,,,,,,
,,,,,,,,,,,,,,,,,,,,,,,,,
,,,,,,,,,,,,,,,,,,,,,,,,,
,,,,,,,,,,,,,,,,,,,,,,,,,
,,,,,,,,,,,,,,,,,,,,,,,,,
,,,,,,,,,,,,,,,,,,,,,,,,,
,,,,,,,,,,,,,,,,,,,,,,,,,
,,,,,,,,,,,,,,,,,,,,,,,,,
,,,,,,,,,,,,,,,,,,,,,,,,,
,,,,,,,,,,,,,,,,,,,,,,,,,
,,,,,,,,,,,,,,,,,,,,,,,,,
,,,,,,,,,,,,,,,,,,,,,,,,,
,,,,,,,,,,,,,,,,,,,,,,,,,
,,,,,,,,,,,,,,,,,,,,,,,,,
,,,,,,,,,,,,,,,,,,,,,,,,,
,,,,,,,,,,,,,,,,,,,,,,,,,
,,,,,,,,,,,,,,,,,,,,,,,,,
,,,,,,,,,,,,,,,,,,,,,,,,,
,,,,,,,,,,,,,,,,,,,,,,,,,
,,,,,,,,,,,,,,,,,,,,,,,,,
,,,,,,,,,,,,,,,,,,,,,,,,,
,,,,,,,,,,,,,,,,,,,,,,,,,
,,,,,,,,,,,,,,,,,,,,,,,,,
,,,,,,,,,,,,,,,,,,,,,,,,,
,,,,,,,,,,,,,,,,,,,,,,,,,
,,,,,,,,,,,,,,,,,,,,,,,,,
,,,,,,,,,,,,,,,,,,,,,,,,,
,,,,,,,,,"
",,,,,,,,,,,,,,,,